.rodata	00147000	_IO_stdin_used	undefined4 _IO_stdin_used
.rodata	00147004	DAT_00147004	undefined4 DAT_00147004
.rodata	00147008	DAT_00147008	undefined4 DAT_00147008
.rodata	0014700c	DAT_0014700c	undefined4 DAT_0014700c
.rodata	00147010	DAT_00147010	undefined4 DAT_00147010
.rodata	00147014	DAT_00147014	undefined4 DAT_00147014
.rodata	00147018	s_#:_00147018	char s_#:_00147018[10]
.rodata	00147022	s_S-Tab:_00147022	char s_S-Tab:_00147022[10]
.rodata	0014702c	s_CPU_usage_bar:_0014702c	char s_CPU_usage_bar:_0014702c[16]
.rodata	0014703c	DAT_0014703c	undefined DAT_0014703c
.rodata	0014703e	s_normal_0014703e	char s_normal_0014703e[7]
.rodata	00147045	s_kernel_00147045	char s_kernel_00147045[7]
.rodata	0014704c	DAT_0014704c	undefined DAT_0014704c
.rodata	00147051	DAT_00147051	undefined DAT_00147051
.rodata	00147055	s_steal_00147055	char s_steal_00147055[6]
.rodata	0014705b	s_guest_0014705b	char s_guest_0014705b[6]
.rodata	00147061	s_io-wait_00147061	char s_io-wait_00147061[8]
.rodata	00147069	s_used%_00147069	char s_used%_00147069[6]
.rodata	0014706f	s_Memory_bar:_0014706f	char s_Memory_bar:_0014706f[16]
.rodata	0014707f	DAT_0014707f	undefined DAT_0014707f
.rodata	00147084	s_shared_00147084	char s_shared_00147084[7]
.rodata	0014708b	s_compressed_0014708b	char s_compressed_0014708b[11]
.rodata	00147096	s_buffers_00147096	char s_buffers_00147096[8]
.rodata	0014709e	s_cache_0014709e	char s_cache_0014709e[6]
.rodata	001470a4	s_total_001470a4	char s_total_001470a4[6]
.rodata	001470aa	s_Swap_bar:_001470aa	char s_Swap_bar:_001470aa[16]
.rodata	001470ba	s_frontswap_001470ba	char s_frontswap_001470ba[10]
.rodata	001470c4	DAT_001470c4	undefined DAT_001470c4
.rodata	001470cc	DAT_001470cc	undefined DAT_001470cc
.rodata	001470d4	DAT_001470d4	undefined DAT_001470d4
.rodata	001470d7	DAT_001470d7	undefined DAT_001470d7
.rodata	001470d8	DAT_001470d8	undefined DAT_001470d8
.rodata	001470da	DAT_001470da	undefined DAT_001470da
.rodata	001470db	DAT_001470db	undefined DAT_001470db
.rodata	001470dc	DAT_001470dc	undefined DAT_001470dc
.rodata	001470dd	DAT_001470dd	undefined DAT_001470dd
.rodata	001470df	s_Process_state:_001470df	char s_Process_state:_001470df[16]
.rodata	001470ef	s_:_running;_001470ef	char s_:_running;_001470ef[12]
.rodata	001470fb	s_:_sleeping;_001470fb	char s_:_sleeping;_001470fb[13]
.rodata	00147108	s_:_traced/stopped;_00147108	char s_:_traced/stopped;_00147108[19]
.rodata	00147118	s_;_00147108+0x10	
.rodata	0014711b	s_:_zombie;_0014711b	char s_:_zombie;_0014711b[11]
.rodata	00147126	s_:_disk_sleep_00147126	char s_:_disk_sleep_00147126[13]
.rodata	00147133	s_H:_00147133	char s_H:_00147133[10]
.rodata	0014713d	s_K:_0014713d	char s_K:_0014713d[10]
.rodata	00147147	s_Press_any_key_to_return._00147147	char s_Press_any_key_to_return._00147147[25]
.rodata	00147160	DAT_00147160	undefined DAT_00147160
.rodata	00147163	DAT_00147163	undefined DAT_00147163
.rodata	00147166	DAT_00147166	undefined DAT_00147166
.rodata	0014716d	DAT_0014716d	undefined DAT_0014716d
.rodata	0014716f	s_%s:_%s_0014716f	char s_%s:_%s_0014716f[8]
.rodata	00147177	DAT_00147177	undefined DAT_00147177
.rodata	0014717a	s_xterm_0014717a	char s_xterm_0014717a[6]
.rodata	00147180	s_vt220_00147180	char s_vt220_00147180[6]
.rodata	00147186	DAT_00147186	undefined DAT_00147186
.rodata	0014718a	DAT_0014718a	undefined DAT_0014718a
.rodata	0014718e	DAT_0014718e	undefined DAT_0014718e
.rodata	00147193	DAT_00147193	undefined DAT_00147193
.rodata	00147198	DAT_00147198	undefined DAT_00147198
.rodata	0014719c	DAT_0014719c	undefined DAT_0014719c
.rodata	001471a0	DAT_001471a0	undefined DAT_001471a0
.rodata	001471a4	DAT_001471a4	undefined DAT_001471a4
.rodata	001471a8	DAT_001471a8	undefined DAT_001471a8
.rodata	001471ab	DAT_001471ab	undefined DAT_001471ab
.rodata	001471ad	DAT_001471ad	undefined DAT_001471ad
.rodata	001471b3	DAT_001471b3	undefined DAT_001471b3
.rodata	001471b9	DAT_001471b9	undefined DAT_001471b9
.rodata	001471bf	DAT_001471bf	undefined DAT_001471bf
.rodata	001471c5	DAT_001471c5	undefined DAT_001471c5
.rodata	001471cd	DAT_001471cd	undefined DAT_001471cd
.rodata	001471d5	DAT_001471d5	undefined DAT_001471d5
.rodata	001471d9	DAT_001471d9	undefined DAT_001471d9
.rodata	001471de	s_UTF-8_001471de	char s_UTF-8_001471de[6]
.rodata	001471e4	DAT_001471e4	undefined DAT_001471e4
.rodata	001471e8	s_Hashtable:_no_prime_found_001471e8	char s_Hashtable:_no_prime_found_001471e8[26]
.rodata	00147202	s_Hashtable:_size_overflow_00147202	char s_Hashtable:_size_overflow_00147202[25]
.rodata	00147217	s_low_00147202+0x15	
.rodata	0014721b	s_Sort_0014721b	char s_Sort_0014721b[8]
.rodata	00147223	s_Cancel_00147223	char s_Cancel_00147223[8]
.rodata	0014722b	s_Sort_by_0014722b	char s_Sort_by_0014722b[8]
.rodata	00147233	s_Categories_00147233	char s_Categories_00147233[11]
.rodata	0014723b	s_es_00147233+8	
.rodata	0014723e	s_Default_0014723e	char s_Default_0014723e[8]
.rodata	00147246	s_Colors_00147246	char s_Colors_00147246[7]
.rodata	0014724d	s_Display_options_0014724d	char s_Display_options_0014724d[16]
.rodata	0014725d	s_Tree_view_0014725d	char s_Tree_view_0014725d[10]
.rodata	00147267	s_Global_options:_00147267	char s_Global_options:_00147267[16]
.rodata	00147277	s_Show_tabs_for_screens_00147277	char s_Show_tabs_for_screens_00147277[22]
.rodata	0014728d	s_Shadow_other_users'_processes_0014728d	char s_Shadow_other_users'_processes_0014728d[30]
.rodata	001472ab	s_Hide_kernel_threads_001472ab	char s_Hide_kernel_threads_001472ab[20]
.rodata	001472b7	s_threads_001472ab+0xc	
.rodata	001472bf	s_Hide_userland_process_threads_001472bf	char s_Hide_userland_process_threads_001472bf[30]
.rodata	001472dd	s_Show_custom_thread_names_001472dd	char s_Show_custom_thread_names_001472dd[25]
.rodata	001472f6	s_Show_program_path_001472f6	char s_Show_program_path_001472f6[18]
.rodata	00147308	s_Highlight_program_"basename"_00147308	char s_Highlight_program_"basename"_00147308[29]
.rodata	00147325	s_Leave_a_margin_around_header_00147325	char s_Leave_a_margin_around_header_00147325[29]
.rodata	00147342	s_Also_show_CPU_frequency_00147342	char s_Also_show_CPU_frequency_00147342[24]
.rodata	0014735a	s_Enable_the_mouse_0014735a	char s_Enable_the_mouse_0014735a[17]
.rodata	0014736b	s_Update_interval_(in_seconds)_0014736b	char s_Update_interval_(in_seconds)_0014736b[29]
.rodata	00147388	s_-_Highlight_time_(in_seconds)_00147388	char s_-_Highlight_time_(in_seconds)_00147388[30]
.rodata	001473a6	s_Reset_on_fork:_on_001473a6	char s_Reset_on_fork:_on_001473a6[18]
.rodata	001473b8	s_Reset_on_fork:_off_001473b8	char s_Reset_on_fork:_off_001473b8[19]
.rodata	001473cb	s_Sending..._001473cb	char s_Sending..._001473cb[11]
.rodata	001473d4	s_._001473cb+9	
.rodata	001473d6	s_Show_001473d6	char s_Show_001473d6[8]
.rodata	001473de	s_Show_processes_of:_001473de	char s_Show_processes_of:_001473de[19]
.rodata	001473f1	s_All_users_001473f1	char s_All_users_001473f1[10]
.rodata	001473f7	s_ers_001473f1+6	
.rodata	001473fb	s_Setup_001473fb	char s_Setup_001473fb[6]
.rodata	00147401	s_Collapse/Expand_00147401	char s_Collapse/Expand_00147401[16]
.rodata	00147411	DAT_00147411	undefined DAT_00147411
.rodata	00147414	s_Active_Columns_00147414	char s_Active_Columns_00147414[15]
.rodata	00147423	s_Use_CPUs:_00147423	char s_Use_CPUs:_00147423[10]
.rodata	0014742d	s_CPU_%d_0014742d	char s_CPU_%d_0014742d[7]
.rodata	00147434	s_%s_-_%s_00147434	char s_%s_-_%s_00147434[8]
.rodata	0014743c	s_Available_Columns_0014743c	char s_Available_Columns_0014743c[18]
.rodata	0014744e	s_Add_0014744e	char s_Add_0014744e[7]
.rodata	00147455	s_Done_00147455	char s_Done_00147455[8]
.rodata	0014745d	s_Available_meters_0014745d	char s_Available_meters_0014745d[17]
.rodata	0014745f	s_ailable_meters_0014745d+2	
.rodata	0014746e	s_CPU_average_0014746e	char s_CPU_average_0014746e[12]
.rodata	0014747a	s_%s_%d_0014747a	char s_%s_%d_0014747a[6]
.rodata	00147480	s_/proc/self/fd/%d_00147480	char s_/proc/self/fd/%d_00147480[17]
.rodata	00147491	s_%s/%s_00147491	char s_%s/%s_00147491[6]
.rodata	00147497	DAT_00147497	undefined DAT_00147497
.rodata	0014749b	DAT_0014749b	undefined DAT_0014749b
.rodata	0014749f	DAT_0014749f	undefined DAT_0014749f
.rodata	001474a2	DAT_001474a2	undefined DAT_001474a2
.rodata	001474a5	DAT_001474a5	undefined DAT_001474a5
.rodata	001474aa	s_(Running_on_A/C)_001474aa	char s_(Running_on_A/C)_001474aa[18]
.rodata	001474bc	s_(A/C)_001474bc	char s_(A/C)_001474bc[6]
.rodata	001474c2	s_(Running_on_battery)_001474c2	char s_(Running_on_battery)_001474c2[22]
.rodata	001474d8	s_(bat)_001474d8	char s_(bat)_001474d8[6]
.rodata	001474de	DAT_001474de	undefined DAT_001474de
.rodata	001474e2	s_%.1f%%%s_001474e2	char s_%.1f%%%s_001474e2[9]
.rodata	001474eb	s_Column_%zu_001474eb	char s_Column_%zu_001474eb[11]
.rodata	001474f6	s_unknown_reason_001474f6	char s_unknown_reason_001474f6[15]
.rodata	00147505	DAT_00147505	undefined DAT_00147505
.rodata	00147506	DAT_00147506	undefined DAT_00147506
.rodata	00147508	s_List_00147508	char s_List_00147508[7]
.rodata	0014750f	s_Tree_0014750f	char s_Tree_0014750f[7]
.rodata	00147516	s_FILTER_00147516	char s_FILTER_00147516[7]
.rodata	0014751d	s_Filter_0014751d	char s_Filter_0014751d[7]
.rodata	00147524	s_LC_CTYPE_00147524	char s_LC_CTYPE_00147524[9]
.rodata	00147528	s_TYPE_00147524+4	
.rodata	0014752d	s_LC_ALL_0014752d	char s_LC_ALL_0014752d[7]
.rodata	00147534	s_%s_3.3.0_00147534	char s_%s_3.3.0_00147534[10]
.rodata	0014753e	DAT_0014753e	undefined DAT_0014753e
.rodata	00147543	s_%19s_%s_00147543	char s_%19s_%s_00147543[9]
.rodata	0014754c	DAT_0014754c	undefined DAT_0014754c
.rodata	00147551	s_Error:_invalid_user_"%s"._00147551	char s_Error:_invalid_user_"%s"._00147551[27]
.rodata	0014756c	DAT_0014756c	undefined DAT_0014756c
.rodata	0014756e	DAT_0014756e	undefined DAT_0014756e
.rodata	00147583	DAT_00147583	undefined DAT_00147583
.rodata	00147585	s_Error:_invalid_column_"%s"._00147585	char s_Error:_invalid_column_"%s"._00147585[29]
.rodata	001475a2	s_delay_001475a2	char s_delay_001475a2[6]
.rodata	001475a8	L_001475a8	char L_001475a8[15]
.rodata	001475b7	L_001475b7	char L_001475b7[9]
.rodata	001475c0	L_001475c0	char L_001475c0[9]
.rodata	001475c9	L_001475c9	char L_001475c9[10]
.rodata	001475d3	L_001475d3	char L_001475d3[9]
.rodata	001475dc	L_001475dc	char L_001475dc[11]
.rodata	001475e7	L_001475e7	undefined L_001475e7
.rodata	001475ec	L_001475ec	char L_001475ec[7]
.rodata	001475f3	L_001475f3	char L_001475f3[18]
.rodata	00147605	L_00147605	char L_00147605[9]
.rodata	0014760e	s_Command_of_process_%d_-_%s_0014760e	char s_Command_of_process_%d_-_%s_0014760e[27]
.rodata	00147625	s_%s_0014760e+0x17	
.rodata	00147626	s_%s_0014760e+0x18	
.rodata	00147629	s_%4uMHz_00147629	char s_%4uMHz_00147629[7]
.rodata	00147630	s_%3d%sF_00147630	char s_%3d%sF_00147630[7]
.rodata	00147637	s_%d%sC_00147637	char s_%d%sC_00147637[6]
.rodata	0014763d	s_%s%s%s%s%s_0014763d	char s_%s%s%s%s%s_0014763d[11]
.rodata	00147641	s_%s%s%s_0014763d+4	
.rodata	00147643	s_%s%s_0014763d+6	
.rodata	00147648	s_absent_00147648	char s_absent_00147648[8]
.rodata	00147649	s_absent_00147648+1	
.rodata	00147650	s_offline_00147650	char s_offline_00147650[9]
.rodata	00147651	s_offline_00147650+1	
.rodata	00147659	s_%5.1f%%_00147659	char s_%5.1f%%_00147659[9]
.rodata	00147662	DAT_00147662	undefined DAT_00147662
.rodata	00147666	DAT_00147666	undefined DAT_00147666
.rodata	0014766a	DAT_0014766a	undefined DAT_0014766a
.rodata	0014766e	DAT_0014766e	undefined DAT_0014766e
.rodata	00147672	DAT_00147672	undefined DAT_00147672
.rodata	00147676	DAT_00147676	undefined DAT_00147676
.rodata	0014767a	DAT_0014767a	undefined DAT_0014767a
.rodata	0014767e	DAT_0014767e	undefined DAT_0014767e
.rodata	00147683	DAT_00147683	undefined DAT_00147683
.rodata	00147688	DAT_00147688	undefined DAT_00147688
.rodata	0014768d	s_%4uMHz_0014768d	char s_%4uMHz_0014768d[8]
.rodata	00147695	s_N/A_00147695	char s_N/A_00147695[9]
.rodata	0014769e	s_freq:_0014769e	char s_freq:_0014769e[7]
.rodata	001476a5	s_%5.1f%sF_001476a5	char s_%5.1f%sF_001476a5[9]
.rodata	001476ae	s_%5.1f%sC_001476ae	char s_%5.1f%sC_001476ae[9]
.rodata	001476b7	s_temp:_001476b7	char s_temp:_001476b7[6]
.rodata	001476bd	s_used:_001476bd	char s_used:_001476bd[7]
.rodata	001476c4	s_max:_001476c4	char s_max:_001476c4[7]
.rodata	001476cb	s_no_data_001476cb	char s_no_data_001476cb[8]
.rodata	001476d3	s_stale_001476d3	char s_stale_001476d3[6]
.rodata	001476d9	s_r:%siB/s_w:%siB/s_%.1f%%_001476d9	char s_r:%siB/s_w:%siB/s_%.1f%%_001476d9[25]
.rodata	001476eb	s_%.1f%%_001476d9+0x12	
.rodata	001476f2	s_initializing..._001476f2	char s_initializing..._001476f2[16]
.rodata	00147702	s_stale_data_00147702	char s_stale_data_00147702[11]
.rodata	0014770d	s_read:_0014770d	char s_read:_0014770d[8]
.rodata	00147715	DAT_00147715	undefined DAT_00147715
.rodata	0014771a	s_write:_0014771a	char s_write:_0014771a[9]
.rodata	00147723	s_unknown/unknown_00147723	char s_unknown/unknown_00147723[16]
.rodata	0014772b	s_unknown_00147723+8	
.rodata	00147733	s_%.0lf/unlimited_00147733	char s_%.0lf/unlimited_00147733[16]
.rodata	00147739	s_unlimited_00147733+6	
.rodata	00147743	DAT_00147743	undefined DAT_00147743
.rodata	00147749	s_%.0lf_00147749	char s_%.0lf_00147749[6]
.rodata	0014774f	DAT_0014774f	undefined DAT_0014774f
.rodata	00147753	s_Graph_00147753	char s_Graph_00147753[6]
.rodata	00147759	DAT_00147759	undefined DAT_00147759
.rodata	0014775e	DAT_0014775e	undefined DAT_0014775e
.rodata	00147760	DAT_00147760	undefined DAT_00147760
.rodata	00147762	s_ZFSCARC_00147762	char s_ZFSCARC_00147762[8]
.rodata	0014776a	s_ZFS_CARC_0014776a	char s_ZFS_CARC_0014776a[9]
.rodata	00147773	s_ARC:_00147773	char s_ARC:_00147773[6]
.rodata	00147779	s_ZFSARC_00147779	char s_ZFSARC_00147779[7]
.rodata	00147780	s_ZFS_ARC_00147780	char s_ZFS_ARC_00147780[8]
.rodata	00147788	DAT_00147788	undefined DAT_00147788
.rodata	0014778d	DAT_0014778d	undefined DAT_0014778d
.rodata	00147791	s_Systemd_00147791	char s_Systemd_00147791[8]
.rodata	00147799	s_Systemd_state_00147799	char s_Systemd_state_00147799[14]
.rodata	001477a7	s_Systemd:_001477a7	char s_Systemd:_001477a7[10]
.rodata	001477b1	s_SystemdUser_001477b1	char s_SystemdUser_001477b1[12]
.rodata	001477bd	s_Systemd_user_state_001477bd	char s_Systemd_user_state_001477bd[19]
.rodata	001477d0	s_Systemd_User:_001477d0	char s_Systemd_User:_001477d0[15]
.rodata	001477df	s_SELinux_001477df	char s_SELinux_001477df[8]
.rodata	001477e7	s_SELinux:_001477e7	char s_SELinux:_001477e7[10]
.rodata	001477f1	s_SELinux_state_overview_001477f1	char s_SELinux_state_overview_001477f1[23]
.rodata	00147808	s_PressureStallCPUSome_00147808	char s_PressureStallCPUSome_00147808[21]
.rodata	0014781d	s_PSI_some_CPU_0014781d	char s_PSI_some_CPU_0014781d[13]
.rodata	00147826	s_CPU_0014781d+9	
.rodata	0014782a	s_PSI_some_CPU:_0014782a	char s_PSI_some_CPU:_0014782a[18]
.rodata	0014783c	s_PressureStallIOSome_0014783c	char s_PressureStallIOSome_0014783c[20]
.rodata	0014784b	s_Some_0014783c+0xf	
.rodata	00147850	s_PSI_some_IO_00147850	char s_PSI_some_IO_00147850[12]
.rodata	00147859	s_IO_00147850+9	
.rodata	0014785c	s_PSI_some_IO:_0014785c	char s_PSI_some_IO:_0014785c[18]
.rodata	0014786e	s_PressureStallIOFull_0014786e	char s_PressureStallIOFull_0014786e[20]
.rodata	00147882	s_PSI_full_IO_00147882	char s_PSI_full_IO_00147882[12]
.rodata	0014788e	s_PSI_full_IO:_0014788e	char s_PSI_full_IO:_0014788e[18]
.rodata	001478a0	s_PressureStallIRQFull_001478a0	char s_PressureStallIRQFull_001478a0[21]
.rodata	001478b5	s_PSI_full_IRQ_001478b5	char s_PSI_full_IRQ_001478b5[13]
.rodata	001478be	s_IRQ_001478b5+9	
.rodata	001478c2	s_PSI_full_IRQ:_001478c2	char s_PSI_full_IRQ:_001478c2[18]
.rodata	001478d4	s_PressureStallMemorySome_001478d4	char s_PressureStallMemorySome_001478d4[24]
.rodata	001478ec	s_PSI_some_memory_001478ec	char s_PSI_some_memory_001478ec[16]
.rodata	001478f5	s_memory_001478ec+9	
.rodata	001478fc	s_PSI_some_memory:_001478fc	char s_PSI_some_memory:_001478fc[18]
.rodata	0014790e	s_PressureStallMemoryFull_0014790e	char s_PressureStallMemoryFull_0014790e[24]
.rodata	00147926	s_PSI_full_memory_00147926	char s_PSI_full_memory_00147926[16]
.rodata	00147936	s_PSI_full_memory:_00147936	char s_PSI_full_memory:_00147936[18]
.rodata	00147948	s_HugePages_00147948	char s_HugePages_00147948[10]
.rodata	00147952	DAT_00147952	undefined DAT_00147952
.rodata	00147955	s_Uptime_00147955	char s_Uptime_00147955[7]
.rodata	0014795c	s_Uptime:_0014795c	char s_Uptime:_0014795c[9]
.rodata	00147965	s_Tasks_00147965	char s_Tasks_00147965[6]
.rodata	0014796b	s_Task_counter_0014796b	char s_Task_counter_0014796b[13]
.rodata	00147978	s_Tasks:_00147978	char s_Tasks:_00147978[8]
.rodata	00147980	s_System_00147980	char s_System_00147980[7]
.rodata	00147987	s_System:_00147987	char s_System:_00147987[9]
.rodata	00147990	DAT_00147990	undefined DAT_00147990
.rodata	00147994	s_NetworkIO_00147994	char s_NetworkIO_00147994[10]
.rodata	0014799e	s_Network_IO_0014799e	char s_Network_IO_0014799e[11]
.rodata	001479a9	s_Network:_001479a9	char s_Network:_001479a9[10]
.rodata	001479b3	s_MemorySwap_001479b3	char s_MemorySwap_001479b3[11]
.rodata	001479be	s_Memory_&_Swap_001479be	char s_Memory_&_Swap_001479be[14]
.rodata	001479c7	s_Swap_001479be+9	
.rodata	001479cc	DAT_001479cc	undefined DAT_001479cc
.rodata	001479d0	s_Memory_001479d0	char s_Memory_001479d0[7]
.rodata	001479d7	DAT_001479d7	undefined DAT_001479d7
.rodata	001479db	s_LoadAverage_001479db	char s_LoadAverage_001479db[12]
.rodata	001479e7	s_Load_average_001479e7	char s_Load_average_001479e7[13]
.rodata	001479f4	s_Load_average:_001479f4	char s_Load_average:_001479f4[15]
.rodata	00147a03	DAT_00147a03	undefined DAT_00147a03
.rodata	00147a08	s_Load:_00147a08	char s_Load:_00147a08[7]
.rodata	00147a0f	s_Hostname_00147a0f	char s_Hostname_00147a0f[9]
.rodata	00147a18	s_Hostname:_00147a18	char s_Hostname:_00147a18[11]
.rodata	00147a23	s_FileDescriptors_00147a23	char s_FileDescriptors_00147a23[16]
.rodata	00147a33	s_File_Descriptors_00147a33	char s_File_Descriptors_00147a33[17]
.rodata	00147a44	s_FDs:_00147a44	char s_FDs:_00147a44[6]
.rodata	00147a4a	s_DiskIO_00147a4a	char s_DiskIO_00147a4a[7]
.rodata	00147a51	s_Disk_IO_00147a51	char s_Disk_IO_00147a51[8]
.rodata	00147a59	s_Disk_IO:_00147a59	char s_Disk_IO:_00147a59[10]
.rodata	00147a63	s_DateTime_00147a63	char s_DateTime_00147a63[9]
.rodata	00147a6c	s_Date_and_Time_00147a6c	char s_Date_and_Time_00147a6c[14]
.rodata	00147a7a	s_Date_&_Time:_00147a7a	char s_Date_&_Time:_00147a7a[14]
.rodata	00147a81	s_Time:_00147a7a+7	
.rodata	00147a88	DAT_00147a88	undefined DAT_00147a88
.rodata	00147a8d	s_Date:_00147a8d	char s_Date:_00147a8d[7]
.rodata	00147a94	s_AllCPUs_00147a94	char s_AllCPUs_00147a94[8]
.rodata	00147a9c	s_CPUs_(1/1)_00147a9c	char s_CPUs_(1/1)_00147a9c[11]
.rodata	00147aa7	s_CPUs_(1/1):_all_CPUs_00147aa7	char s_CPUs_(1/1):_all_CPUs_00147aa7[21]
.rodata	00147abc	s_AllCPUs2_00147abc	char s_AllCPUs2_00147abc[9]
.rodata	00147ac5	s_CPUs_(1&2/2)_00147ac5	char s_CPUs_(1&2/2)_00147ac5[13]
.rodata	00147ad2	s_LeftCPUs_00147ad2	char s_LeftCPUs_00147ad2[9]
.rodata	00147adb	s_CPUs_(1/2)_00147adb	char s_CPUs_(1/2)_00147adb[11]
.rodata	00147ae6	s_RightCPUs_00147ae6	char s_RightCPUs_00147ae6[10]
.rodata	00147af0	s_CPUs_(2/2)_00147af0	char s_CPUs_(2/2)_00147af0[11]
.rodata	00147afb	s_LeftCPUs2_00147afb	char s_LeftCPUs2_00147afb[10]
.rodata	00147b05	s_CPUs_(1&2/4)_00147b05	char s_CPUs_(1&2/4)_00147b05[13]
.rodata	00147b12	s_RightCPUs2_00147b12	char s_RightCPUs2_00147b12[11]
.rodata	00147b1d	s_CPUs_(3&4/4)_00147b1d	char s_CPUs_(3&4/4)_00147b1d[13]
.rodata	00147b2a	s_AllCPUs4_00147b2a	char s_AllCPUs4_00147b2a[9]
.rodata	00147b33	s_CPUs_(1&2&3&4/4)_00147b33	char s_CPUs_(1&2&3&4/4)_00147b33[17]
.rodata	00147b44	s_LeftCPUs4_00147b44	char s_LeftCPUs4_00147b44[10]
.rodata	00147b4e	s_CPUs_(1-4/8)_00147b4e	char s_CPUs_(1-4/8)_00147b4e[13]
.rodata	00147b5b	s_RightCPUs4_00147b5b	char s_RightCPUs4_00147b5b[11]
.rodata	00147b66	s_CPUs_(5-8/8)_00147b66	char s_CPUs_(5-8/8)_00147b66[13]
.rodata	00147b73	s_AllCPUs8_00147b73	char s_AllCPUs8_00147b73[9]
.rodata	00147b7c	s_CPUs_(1-8/8)_00147b7c	char s_CPUs_(1-8/8)_00147b7c[13]
.rodata	00147b89	s_LeftCPUs8_00147b89	char s_LeftCPUs8_00147b89[10]
.rodata	00147b93	s_CPUs_(1-8/16)_00147b93	char s_CPUs_(1-8/16)_00147b93[14]
.rodata	00147ba1	s_RightCPUs8_00147ba1	char s_RightCPUs8_00147ba1[11]
.rodata	00147bac	s_CPUs_(9-16/16)_00147bac	char s_CPUs_(9-16/16)_00147bac[15]
.rodata	00147bbb	s_Clock_00147bbb	char s_Clock_00147bbb[6]
.rodata	00147bc1	s_Battery_00147bc1	char s_Battery_00147bc1[8]
.rodata	00147bc9	s_Battery:_00147bc9	char s_Battery:_00147bc9[10]
.rodata	00147bd3	s_Blank_00147bd3	char s_Blank_00147bd3[6]
.rodata	00147bd9	DAT_00147bd9	undefined DAT_00147bd9
.rodata	00147bdc	DAT_00147bdc	undefined DAT_00147bdc
.rodata	00147bdf	DAT_00147bdf	undefined DAT_00147bdf
.rodata	00147be2	DAT_00147be2	undefined DAT_00147be2
.rodata	00147be5	DAT_00147be5	undefined DAT_00147be5
.rodata	00147be8	DAT_00147be8	undefined DAT_00147be8
.rodata	00147beb	DAT_00147beb	undefined DAT_00147beb
.rodata	00147bee	DAT_00147bee	undefined DAT_00147bee
.rodata	00147bf1	DAT_00147bf1	undefined DAT_00147bf1
.rodata	00147bf5	s_Done_00147bf5	char s_Done_00147bf5[7]
.rodata	00147bfc	DAT_00147bfc	undefined DAT_00147bfc
.rodata	00147bfe	DAT_00147bfe	undefined DAT_00147bfe
.rodata	00147c02	DAT_00147c02	undefined DAT_00147c02
.rodata	00147c06	DAT_00147c06	undefined DAT_00147c06
.rodata	00147c0a	DAT_00147c0a	undefined DAT_00147c0a
.rodata	00147c0e	DAT_00147c0e	undefined DAT_00147c0e
.rodata	00147c12	DAT_00147c12	undefined DAT_00147c12
.rodata	00147c16	DAT_00147c16	undefined DAT_00147c16
.rodata	00147c1a	DAT_00147c1a	undefined DAT_00147c1a
.rodata	00147c1d	s_MoveDn_00147c1d	char s_MoveDn_00147c1d[7]
.rodata	00147c21	s_Dn_00147c1d+4	
.rodata	00147c24	s_Remove_00147c24	char s_Remove_00147c24[7]
.rodata	00147c2b	s_Monochromatic_00147c2b	char s_Monochromatic_00147c2b[14]
.rodata	00147c39	s_Black_on_White_00147c39	char s_Black_on_White_00147c39[15]
.rodata	00147c48	s_Light_Terminal_00147c48	char s_Light_Terminal_00147c48[15]
.rodata	00147c57	DAT_00147c57	undefined DAT_00147c57
.rodata	00147c5a	s_Black_Night_00147c5a	char s_Black_Night_00147c5a[12]
.rodata	00147c66	s_Broken_Gray_00147c66	char s_Broken_Gray_00147c66[12]
.rodata	00147c72	s_Header_layout_00147c72	char s_Header_layout_00147c72[14]
.rodata	00147c80	s_Meters_00147c80	char s_Meters_00147c80[7]
.rodata	00147c87	s_Screens_00147c87	char s_Screens_00147c87[8]
.rodata	00147c8f	s_two_50_50_00147c8f	char s_two_50_50_00147c8f[10]
.rodata	00147c99	s_2_columns_-_50/50_(default)_00147c99	char s_2_columns_-_50/50_(default)_00147c99[28]
.rodata	00147cb5	s_two_33_67_00147cb5	char s_two_33_67_00147cb5[10]
.rodata	00147cbf	s_2_columns_-_33/67_00147cbf	char s_2_columns_-_33/67_00147cbf[18]
.rodata	00147cd1	s_two_67_33_00147cd1	char s_two_67_33_00147cd1[10]
.rodata	00147cdb	s_2_columns_-_67/33_00147cdb	char s_2_columns_-_67/33_00147cdb[18]
.rodata	00147ced	s_three_33_34_33_00147ced	char s_three_33_34_33_00147ced[15]
.rodata	00147cfc	s_3_columns_-_33/34/33_00147cfc	char s_3_columns_-_33/34/33_00147cfc[21]
.rodata	00147d11	s_three_25_25_50_00147d11	char s_three_25_25_50_00147d11[15]
.rodata	00147d20	s_3_columns_-_25/25/50_00147d20	char s_3_columns_-_25/25/50_00147d20[21]
.rodata	00147d35	s_three_25_50_25_00147d35	char s_three_25_50_25_00147d35[15]
.rodata	00147d44	s_3_columns_-_25/50/25_00147d44	char s_3_columns_-_25/50/25_00147d44[21]
.rodata	00147d59	s_three_50_25_25_00147d59	char s_three_50_25_25_00147d59[15]
.rodata	00147d68	s_3_columns_-_50/25/25_00147d68	char s_3_columns_-_50/25/25_00147d68[21]
.rodata	00147d7d	s_three_40_30_30_00147d7d	char s_three_40_30_30_00147d7d[15]
.rodata	00147d8c	s_3_columns_-_40/30/30_00147d8c	char s_3_columns_-_40/30/30_00147d8c[21]
.rodata	00147da1	s_three_30_40_30_00147da1	char s_three_30_40_30_00147da1[15]
.rodata	00147db0	s_3_columns_-_30/40/30_00147db0	char s_3_columns_-_30/40/30_00147db0[21]
.rodata	00147dc5	s_three_30_30_40_00147dc5	char s_three_30_30_40_00147dc5[15]
.rodata	00147dd4	s_3_columns_-_30/30/40_00147dd4	char s_3_columns_-_30/30/40_00147dd4[21]
.rodata	00147de9	s_three_40_20_40_00147de9	char s_three_40_20_40_00147de9[15]
.rodata	00147df8	s_3_columns_-_40/20/40_00147df8	char s_3_columns_-_40/20/40_00147df8[21]
.rodata	00147e0d	s_four_25_25_25_25_00147e0d	char s_four_25_25_25_25_00147e0d[17]
.rodata	00147e1e	s_4_columns_-_25/25/25/25_00147e1e	char s_4_columns_-_25/25/25/25_00147e1e[24]
.rodata	00147e36	s_Dynamic_00147e36	char s_Dynamic_00147e36[8]
.rodata	00147e3e	s_Enter_00147e3e	char s_Enter_00147e3e[6]
.rodata	00147e44	DAT_00147e44	undefined DAT_00147e44
.rodata	00147e48	s_Set_00147e48	char s_Set_00147e48[8]
.rodata	00147e50	s_switch_to_previous_screen_tab_00147e50	char s_switch_to_previous_screen_tab_00147e50[30]
.rodata	00147e6b	s_ab_00147e50+0x1b	
.rodata	00147e6e	s_Space:_00147e6e	char s_Space:_00147e6e[10]
.rodata	00147e78	s_tag_process_00147e78	char s_tag_process_00147e78[12]
.rodata	00147e84	s_c:_00147e84	char s_c:_00147e84[10]
.rodata	00147e8e	s_tag_process_and_its_children_00147e8e	char s_tag_process_and_its_children_00147e8e[29]
.rodata	00147eab	s_U:_00147eab	char s_U:_00147eab[10]
.rodata	00147eb5	s_untag_all_processes_00147eb5	char s_untag_all_processes_00147eb5[20]
.rodata	00147ec9	s_F9_k:_00147ec9	char s_F9_k:_00147ec9[10]
.rodata	00147ed3	s_kill_process/tagged_processes_00147ed3	char s_kill_process/tagged_processes_00147ed3[30]
.rodata	00147ef1	s_F7_]:_00147ef1	char s_F7_]:_00147ef1[10]
.rodata	00147efb	s_higher_priority_(root_only)_00147efb	char s_higher_priority_(root_only)_00147efb[28]
.rodata	00147f17	s_F8_[:_00147f17	char s_F8_[:_00147f17[10]
.rodata	00147f21	s_lower_priority_(+_nice)_00147f21	char s_lower_priority_(+_nice)_00147f21[24]
.rodata	00147f39	s_a:_00147f39	char s_a:_00147f39[10]
.rodata	00147f43	s_set_CPU_affinity_00147f43	char s_set_CPU_affinity_00147f43[17]
.rodata	00147f54	s_e:_00147f54	char s_e:_00147f54[10]
.rodata	00147f5e	s_show_process_environment_00147f5e	char s_show_process_environment_00147f5e[25]
.rodata	00147f77	s_i:_00147f77	char s_i:_00147f77[10]
.rodata	00147f81	s_set_IO_priority_00147f81	char s_set_IO_priority_00147f81[16]
.rodata	00147f91	s_l:_00147f91	char s_l:_00147f91[10]
.rodata	00147f9b	s_list_open_files_with_lsof_00147f9b	char s_list_open_files_with_lsof_00147f9b[26]
.rodata	00147fb0	s_lsof_00147f9b+0x15	
.rodata	00147fb5	s_x:_00147fb5	char s_x:_00147fb5[10]
.rodata	00147fbf	s_list_file_locks_of_process_00147fbf	char s_list_file_locks_of_process_00147fbf[27]
.rodata	00147fda	s_s:_00147fda	char s_s:_00147fda[10]
.rodata	00147fe4	s_trace_syscalls_with_strace_00147fe4	char s_trace_syscalls_with_strace_00147fe4[27]
.rodata	00147ff8	s_strace_00147fe4+0x14	
.rodata	00147fff	s_w:_00147fff	char s_w:_00147fff[10]
.rodata	00148009	s_Y:_00148009	char s_Y:_00148009[10]
.rodata	00148013	s_set_scheduling_policy_00148013	char s_set_scheduling_policy_00148013[22]
.rodata	00148029	s_F2_C_S:_00148029	char s_F2_C_S:_00148029[10]
.rodata	00148033	s_setup_00148033	char s_setup_00148033[6]
.rodata	00148039	s_F1_h_?:_00148039	char s_F1_h_?:_00148039[10]
.rodata	00148043	s_show_this_help_screen_00148043	char s_show_this_help_screen_00148043[22]
.rodata	00148059	s_F10_q:_00148059	char s_F10_q:_00148059[10]
.rodata	00148063	DAT_00148063	undefined DAT_00148063
.rodata	00148068	s_hide/show_header_meters_00148068	char s_hide/show_header_meters_00148068[24]
.rodata	00148080	s_Tab:_00148080	char s_Tab:_00148080[10]
.rodata	0014808a	s_switch_to_next_screen_tab_0014808a	char s_switch_to_next_screen_tab_0014808a[26]
.rodata	0014808b	s_witch_to_next_screen_tab_0014808a+1	
.rodata	0014808c	s_itch_to_next_screen_tab_0014808a+2	
.rodata	0014808d	s_tch_to_next_screen_tab_0014808a+3	
.rodata	001480a4	s_Arrows:_001480a4	char s_Arrows:_001480a4[10]
.rodata	001480ae	s_scroll_process_list_001480ae	char s_scroll_process_list_001480ae[20]
.rodata	001480c2	s_Digits:_001480c2	char s_Digits:_001480c2[10]
.rodata	001480cc	s_incremental_PID_search_001480cc	char s_incremental_PID_search_001480cc[23]
.rodata	001480e3	s_F3_/:_001480e3	char s_F3_/:_001480e3[10]
.rodata	001480ed	s_incremental_name_search_001480ed	char s_incremental_name_search_001480ed[24]
.rodata	00148105	s_F4_\:_00148105	char s_F4_\:_00148105[10]
.rodata	0014810f	s_incremental_name_filtering_0014810f	char s_incremental_name_filtering_0014810f[27]
.rodata	0014812a	s_F5_t:_0014812a	char s_F5_t:_0014812a[10]
.rodata	00148134	s_tree_view_00148134	char s_tree_view_00148134[10]
.rodata	0014813e	s_p:_0014813e	char s_p:_0014813e[10]
.rodata	00148148	s_toggle_program_path_00148148	char s_toggle_program_path_00148148[20]
.rodata	0014815c	s_m:_0014815c	char s_m:_0014815c[10]
.rodata	00148166	s_toggle_merged_command_00148166	char s_toggle_merged_command_00148166[22]
.rodata	0014817c	s_Z:_0014817c	char s_Z:_0014817c[10]
.rodata	00148186	s_pause/resume_process_updates_00148186	char s_pause/resume_process_updates_00148186[29]
.rodata	001481a3	s_u:_001481a3	char s_u:_001481a3[10]
.rodata	001481ad	s_hide/show_kernel_threads_001481ad	char s_hide/show_kernel_threads_001481ad[25]
.rodata	001481c6	s_O:_001481c6	char s_O:_001481c6[10]
.rodata	001481d0	s_F:_001481d0	char s_F:_001481d0[10]
.rodata	001481da	s_cursor_follows_process_001481da	char s_cursor_follows_process_001481da[23]
.rodata	001481f1	s_+_-_*:_001481f1	char s_+_-_*:_001481f1[10]
.rodata	001481fb	s_N_P_M_T:_001481fb	char s_N_P_M_T:_001481fb[10]
.rodata	00148205	s_I:_00148205	char s_I:_00148205[10]
.rodata	0014820f	s_invert_sort_order_0014820f	char s_invert_sort_order_0014820f[18]
.rodata	00148221	s_F6_>_.:_00148221	char s_F6_>_.:_00148221[10]
.rodata	0014822b	s_select_sort_column_0014822b	char s_select_sort_column_0014822b[19]
.rodata	0014823e	s_Other_0014823e	char s_Other_0014823e[6]
.rodata	00148244	DAT_00148244	undefined DAT_00148244
.rodata	00148249	s_RoundRobin_00148249	char s_RoundRobin_00148249[11]
.rodata	00148254	s_Batch_00148254	char s_Batch_00148254[6]
.rodata	0014825a	DAT_0014825a	undefined DAT_0014825a
.rodata	0014825f	s_Process/thread_ID_0014825f	char s_Process/thread_ID_0014825f[18]
.rodata	00148271	s_Command_00148271	char s_Command_00148271[9]
.rodata	0014827a	s_Command_line_0014827a	char s_Command_line_0014827a[13]
.rodata	00148287	s_STATE_00148287	char s_STATE_00148287[6]
.rodata	0014828d	DAT_0014828d	undefined DAT_0014828d
.rodata	0014828e	DAT_0014828e	undefined DAT_0014828e
.rodata	00148292	s_Parent_process_ID_00148292	char s_Parent_process_ID_00148292[18]
.rodata	001482a4	DAT_001482a4	undefined DAT_001482a4
.rodata	001482a9	s_Process_group_ID_001482a9	char s_Process_group_ID_001482a9[17]
.rodata	001482ba	s_SESSION_001482ba	char s_SESSION_001482ba[8]
.rodata	001482c2	DAT_001482c2	undefined DAT_001482c2
.rodata	001482c6	s_Process's_session_ID_001482c6	char s_Process's_session_ID_001482c6[21]
.rodata	001482db	DAT_001482db	undefined DAT_001482db
.rodata	001482df	s_TTY_001482df	char s_TTY_001482df[10]
.rodata	001482e9	s_Controlling_terminal_001482e9	char s_Controlling_terminal_001482e9[21]
.rodata	001482fe	s_TPGID_001482fe	char s_TPGID_001482fe[6]
.rodata	00148304	s_MINFLT_00148304	char s_MINFLT_00148304[13]
.rodata	00148311	s_CMINFLT_00148311	char s_CMINFLT_00148311[8]
.rodata	00148312	s_MINFLT_00148311+1	
.rodata	00148319	s_CMINFLT_00148319	char s_CMINFLT_00148319[13]
.rodata	00148326	s_MAJFLT_00148326	char s_MAJFLT_00148326[13]
.rodata	00148333	DAT_00148333	undefined DAT_00148333
.rodata	00148334	s_MAJFLT_00148334	char s_MAJFLT_00148334[7]
.rodata	0014833b	s_CMAJFLT_0014833b	char s_CMAJFLT_0014833b[13]
.rodata	00148348	s_UTIME+_00148348	char s_UTIME+_00148348[10]
.rodata	00148352	s_STIME+_00148352	char s_STIME+_00148352[10]
.rodata	0014835c	s_CUTIME_0014835c	char s_CUTIME_0014835c[7]
.rodata	0014835d	s_UTIME_0014835c+1	
.rodata	00148363	s_CUTIME+_00148363	char s_CUTIME+_00148363[10]
.rodata	0014836d	s_CSTIME_0014836d	char s_CSTIME_0014836d[7]
.rodata	0014836e	s_STIME_0014836d+1	
.rodata	0014836f	s_TIME_0014836d+2	
.rodata	00148374	DAT_00148374	undefined DAT_00148374
.rodata	0014837b	DAT_0014837b	undefined DAT_0014837b
.rodata	0014837e	DAT_0014837e	undefined DAT_0014837e
.rodata	00148383	DAT_00148383	undefined DAT_00148383
.rodata	00148388	s_STARTTIME_00148388	char s_STARTTIME_00148388[10]
.rodata	00148392	s_START_00148392	char s_START_00148392[7]
.rodata	00148399	s_Time_the_process_was_started_00148399	char s_Time_the_process_was_started_00148399[29]
.rodata	001483b6	s_PROCESSOR_001483b6	char s_PROCESSOR_001483b6[10]
.rodata	001483c0	DAT_001483c0	undefined DAT_001483c0
.rodata	001483c5	s_M_VIRT_001483c5	char s_M_VIRT_001483c5[7]
.rodata	001483cc	s_VIRT_001483cc	char s_VIRT_001483cc[7]
.rodata	001483d3	s_M_RESIDENT_001483d3	char s_M_RESIDENT_001483d3[11]
.rodata	001483de	DAT_001483de	undefined DAT_001483de
.rodata	001483e2	DAT_001483e2	undefined DAT_001483e2
.rodata	001483e5	s_M_SHARE_001483e5	char s_M_SHARE_001483e5[8]
.rodata	001483ed	s_SHR_001483ed	char s_SHR_001483ed[7]
.rodata	001483f4	s_M_TRS_001483f4	char s_M_TRS_001483f4[6]
.rodata	001483fa	s_CODE_001483fa	char s_CODE_001483fa[7]
.rodata	00148401	s_M_DRS_00148401	char s_M_DRS_00148401[6]
.rodata	00148407	s_DATA_00148407	char s_DATA_00148407[7]
.rodata	0014840e	s_M_LRS_0014840e	char s_M_LRS_0014840e[6]
.rodata	00148414	s_LIB_00148414	char s_LIB_00148414[7]
.rodata	0014841b	s_ST_UID_0014841b	char s_ST_UID_0014841b[7]
.rodata	0014841e	s_UID_0014841b+3	
.rodata	00148422	s_User_ID_of_the_process_owner_00148422	char s_User_ID_of_the_process_owner_00148422[29]
.rodata	0014843f	s_PERCENT_CPU_0014843f	char s_PERCENT_CPU_0014843f[12]
.rodata	0014844b	s_CPU%_0014844b	char s_CPU%_0014844b[6]
.rodata	00148451	s_PERCENT_MEM_00148451	char s_PERCENT_MEM_00148451[12]
.rodata	0014845d	s_MEM%_0014845d	char s_MEM%_0014845d[6]
.rodata	00148463	DAT_00148463	undefined DAT_00148463
.rodata	00148468	s_USER_00148468	char s_USER_00148468[12]
.rodata	00148474	s_TIME+_00148474	char s_TIME+_00148474[10]
.rodata	0014847e	DAT_0014847e	undefined DAT_0014847e
.rodata	00148483	s_NLWP_00148483	char s_NLWP_00148483[6]
.rodata	00148489	DAT_00148489	undefined DAT_00148489
.rodata	0014848e	s_PERCENT_NORM_CPU_0014848e	char s_PERCENT_NORM_CPU_0014848e[17]
.rodata	0014849f	s_NCPU%_0014849f	char s_NCPU%_0014849f[6]
.rodata	001484a5	s_ELAPSED_001484a5	char s_ELAPSED_001484a5[8]
.rodata	001484ad	s_ELAPSED_001484ad	char s_ELAPSED_001484ad[10]
.rodata	001484b7	s_SCHEDULERPOLICY_001484b7	char s_SCHEDULERPOLICY_001484b7[16]
.rodata	001484c7	s_SCHED_001484c7	char s_SCHED_001484c7[7]
.rodata	001484ce	DAT_001484ce	undefined DAT_001484ce
.rodata	001484d3	s_CTID_001484d3	char s_CTID_001484d3[10]
.rodata	001484dd	DAT_001484dd	undefined DAT_001484dd
.rodata	001484e2	s_OpenVZ_process_ID_001484e2	char s_OpenVZ_process_ID_001484e2[18]
.rodata	001484f4	DAT_001484f4	undefined DAT_001484f4
.rodata	001484f9	s_VXID_001484f9	char s_VXID_001484f9[7]
.rodata	00148500	s_VServer_process_ID_00148500	char s_VServer_process_ID_00148500[19]
.rodata	00148513	s_RCHAR_00148513	char s_RCHAR_00148513[6]
.rodata	00148519	s_RCHAR_00148519	char s_RCHAR_00148519[7]
.rodata	00148520	s_WCHAR_00148520	char s_WCHAR_00148520[6]
.rodata	00148526	s_WCHAR_00148526	char s_WCHAR_00148526[7]
.rodata	0014852d	s_SYSCR_0014852d	char s_SYSCR_0014852d[6]
.rodata	00148533	s_READ_SYSC_00148533	char s_READ_SYSC_00148533[13]
.rodata	00148540	s_SYSCW_00148540	char s_SYSCW_00148540[6]
.rodata	00148546	s_WRITE_SYSC_00148546	char s_WRITE_SYSC_00148546[13]
.rodata	00148553	s_RBYTES_00148553	char s_RBYTES_00148553[7]
.rodata	0014855a	s_IO_R_0014855a	char s_IO_R_0014855a[7]
.rodata	00148561	s_WBYTES_00148561	char s_WBYTES_00148561[7]
.rodata	00148568	s_IO_W_00148568	char s_IO_W_00148568[7]
.rodata	0014856f	s_CNCLWB_0014856f	char s_CNCLWB_0014856f[7]
.rodata	00148576	s_IO_C_00148576	char s_IO_C_00148576[7]
.rodata	0014857d	s_IO_READ_RATE_0014857d	char s_IO_READ_RATE_0014857d[13]
.rodata	0014858a	s_DISK_READ_0014858a	char s_DISK_READ_0014858a[13]
.rodata	00148597	s_IO_WRITE_RATE_00148597	char s_IO_WRITE_RATE_00148597[14]
.rodata	001485a5	s_DISK_WRITE_001485a5	char s_DISK_WRITE_001485a5[13]
.rodata	001485b2	s_IO_RATE_001485b2	char s_IO_RATE_001485b2[8]
.rodata	001485ba	s_DISK_R/W_001485ba	char s_DISK_R/W_001485ba[13]
.rodata	001485c7	s_CGROUP_(raw)_001485c7	char s_CGROUP_(raw)_001485c7[13]
.rodata	001485d4	DAT_001485d4	undefined DAT_001485d4
.rodata	001485d8	s_OOM_001485d8	char s_OOM_001485d8[6]
.rodata	001485de	s_IO_PRIORITY_001485de	char s_IO_PRIORITY_001485de[12]
.rodata	001485e1	s_PRIORITY_001485de+3	
.rodata	001485ea	DAT_001485ea	undefined DAT_001485ea
.rodata	001485ee	s_I/O_priority_001485ee	char s_I/O_priority_001485ee[13]
.rodata	001485fb	s_PERCENT_CPU_DELAY_001485fb	char s_PERCENT_CPU_DELAY_001485fb[18]
.rodata	0014860d	s_CPUD%_0014860d	char s_CPUD%_0014860d[7]
.rodata	00148614	s_CPU_delay_%_00148614	char s_CPU_delay_%_00148614[12]
.rodata	00148620	s_PERCENT_IO_DELAY_00148620	char s_PERCENT_IO_DELAY_00148620[17]
.rodata	00148631	s_IOD%_00148631	char s_IOD%_00148631[7]
.rodata	00148638	s_Block_I/O_delay_%_00148638	char s_Block_I/O_delay_%_00148638[18]
.rodata	0014864a	s_PERCENT_SWAP_DELAY_0014864a	char s_PERCENT_SWAP_DELAY_0014864a[19]
.rodata	0014865d	s_SWPD%_0014865d	char s_SWPD%_0014865d[7]
.rodata	00148664	s_Swapin_delay_%_00148664	char s_Swapin_delay_%_00148664[15]
.rodata	00148673	s_M_PSS_00148673	char s_M_PSS_00148673[6]
.rodata	00148679	s_PSS_00148679	char s_PSS_00148679[7]
.rodata	00148680	s_M_SWAP_00148680	char s_M_SWAP_00148680[7]
.rodata	00148687	s_SWAP_00148687	char s_SWAP_00148687[7]
.rodata	0014868e	s_M_PSSWP_0014868e	char s_M_PSSWP_0014868e[8]
.rodata	00148696	s_PSSWP_00148696	char s_PSSWP_00148696[8]
.rodata	0014869e	DAT_0014869e	undefined DAT_0014869e
.rodata	001486a3	s_CTXT_001486a3	char s_CTXT_001486a3[7]
.rodata	001486aa	s_SECATTR_001486aa	char s_SECATTR_001486aa[8]
.rodata	001486b2	s_Security_Attribute_001486b2	char s_Security_Attribute_001486b2[19]
.rodata	001486c5	DAT_001486c5	undefined DAT_001486c5
.rodata	001486ca	s_COMM_001486ca	char s_COMM_001486ca[17]
.rodata	001486db	DAT_001486db	undefined DAT_001486db
.rodata	001486df	s_EXE_001486df	char s_EXE_001486df[17]
.rodata	001486f0	DAT_001486f0	undefined DAT_001486f0
.rodata	001486f4	s_CWD_001486f4	char s_CWD_001486f4[27]
.rodata	0014870f	s_AUTOGROUP_ID_0014870f	char s_AUTOGROUP_ID_0014870f[13]
.rodata	0014871c	DAT_0014871c	undefined DAT_0014871c
.rodata	00148721	s_AUTOGROUP_NICE_00148721	char s_AUTOGROUP_NICE_00148721[15]
.rodata	0014872b	s_NICE_00148721+0xa	
.rodata	00148730	DAT_00148730	undefined DAT_00148730
.rodata	00148735	s_CCGROUP_00148735	char s_CCGROUP_00148735[8]
.rodata	00148736	s_CGROUP_00148735+1	
.rodata	0014873d	s_CGROUP_(compressed)_0014873d	char s_CGROUP_(compressed)_0014873d[20]
.rodata	00148751	s_CONTAINER_00148751	char s_CONTAINER_00148751[10]
.rodata	0014875b	s_M_PRIV_0014875b	char s_M_PRIV_0014875b[7]
.rodata	00148762	s_PRIV_00148762	char s_PRIV_00148762[7]
.rodata	00148769	DAT_00148769	undefined DAT_00148769
.rodata	0014876e	DAT_0014876e	undefined DAT_0014876e
.rodata	00148772	s_%b%d_00148772	char s_%b%d_00148772[6]
.rodata	00148778	DAT_00148778	undefined DAT_00148778
.rodata	0014877d	s_KTHREAD_0014877d	char s_KTHREAD_0014877d[8]
.rodata	00148783	s_D_0014877d+6	
.rodata	00148785	DAT_00148785	undefined DAT_00148785
.rodata	00148787	s_(zombie)_00148787	char s_(zombie)_00148787[9]
.rodata	00148790	s_/usr/_00148790	char s_/usr/_00148790[6]
.rodata	00148796	s_/usr/bin/_00148796	char s_/usr/bin/_00148796[10]
.rodata	001487a0	s_/usr/libexec/_001487a0	char s_/usr/libexec/_001487a0[14]
.rodata	001487ae	s_/usr/lib/_001487ae	char s_/usr/lib/_001487ae[10]
.rodata	001487b8	s_/usr/lib32/_001487b8	char s_/usr/lib32/_001487b8[12]
.rodata	001487bc	s_/lib32/_001487b8+4	
.rodata	001487c2	s_/_001487b8+0xa	
.rodata	001487c4	DAT_001487c4	undefined DAT_001487c4
.rodata	001487c8	s_/lib64/_001487c8	char s_/lib64/_001487c8[8]
.rodata	001487d0	s_/usr/libx32/_001487d0	char s_/usr/libx32/_001487d0[13]
.rodata	001487d4	s_/libx32/_001487d0+4	
.rodata	001487dd	s_/usr/local/bin/_001487dd	char s_/usr/local/bin/_001487dd[16]
.rodata	001487e7	s_/bin/_001487dd+0xa	
.rodata	001487ed	s_/usr/local/lib/_001487ed	char s_/usr/local/lib/_001487ed[16]
.rodata	001487f7	s_/lib/_001487ed+0xa	
.rodata	001487fd	s_/usr/local/sbin/_001487fd	char s_/usr/local/sbin/_001487fd[17]
.rodata	00148807	s_/sbin/_001487fd+0xa	
.rodata	0014880e	s_/usr/sbin/_0014880e	char s_/usr/sbin/_0014880e[11]
.rodata	00148819	s_(%10u)_00148819	char s_(%10u)_00148819[7]
.rodata	00148820	s_%s(%s)_00148820	char s_%s(%s)_00148820[7]
.rodata	00148827	s_%s(%u)_00148827	char s_%s(%u)_00148827[7]
.rodata	0014882e	s_Header_Layout_0014882e	char s_Header_Layout_0014882e[14]
.rodata	0014883c	DAT_0014883c	undefined DAT_0014883c
.rodata	00148840	s_%.*f%c_00148840	char s_%.*f%c_00148840[7]
.rodata	00148847	DAT_00148847	undefined DAT_00148847
.rodata	0014884c	s_%-*.*s_0014884c	char s_%-*.*s_0014884c[8]
.rodata	00148854	DAT_00148854	undefined DAT_00148854
.rodata	0014885e	DAT_0014885e	undefined DAT_0014885e
.rodata	00148863	s_%.2f_00148863	char s_%.2f_00148863[6]
.rodata	00148869	s_/proc/sys/kernel/pid_max_00148869	char s_/proc/sys/kernel/pid_max_00148869[25]
.rodata	00148882	s_PAUSED_00148882	char s_PAUSED_00148882[7]
.rodata	00148889	s_used:_00148889	char s_used:_00148889[7]
.rodata	00148890	s_shared:_00148890	char s_shared:_00148890[9]
.rodata	00148899	s_compressed:_00148899	char s_compressed:_00148899[13]
.rodata	001488a6	s_buffers:_001488a6	char s_buffers:_001488a6[10]
.rodata	001488b0	s_cache:_001488b0	char s_cache:_001488b0[8]
.rodata	001488b8	s_available:_001488b8	char s_available:_001488b8[12]
.rodata	001488c4	DAT_001488c4	undefined DAT_001488c4
.rodata	001488c9	s_tx:_001488c9	char s_tx:_001488c9[6]
.rodata	001488cf	s_(%u/%u_pkts/s)_001488cf	char s_(%u/%u_pkts/s)_001488cf[17]
.rodata	001488e0	s_]_001488e0	char s_]_001488e0[6]
.rodata	001488e6	DAT_001488e6	undefined DAT_001488e6
.rodata	001488eb	s_/dev/null_001488eb	char s_/dev/null_001488eb[10]
.rodata	001488f5	DAT_001488f5	undefined DAT_001488f5
.rodata	001488f8	DAT_001488f8	undefined DAT_001488f8
.rodata	001488f9	DAT_001488f9	undefined DAT_001488f9
.rodata	001488fb	DAT_001488fb	undefined DAT_001488fb
.rodata	001488fe	DAT_001488fe	undefined DAT_001488fe
.rodata	00148901	s_Failed_listing_open_files._00148901	char s_Failed_listing_open_files._00148901[27]
.rodata	0014891c	DAT_0014891c	undefined DAT_0014891c
.rodata	0014891f	DAT_0014891f	undefined DAT_0014891f
.rodata	00148924	DAT_00148924	undefined DAT_00148924
.rodata	00148929	s_OFFSET_00148929	char s_OFFSET_00148929[7]
.rodata	00148930	DAT_00148930	undefined DAT_00148930
.rodata	00148935	s_DEVICE_00148935	char s_DEVICE_00148935[7]
.rodata	0014893c	DAT_0014893c	undefined DAT_0014893c
.rodata	00148941	s_main_thread_terminated_00148941	char s_main_thread_terminated_00148941[23]
.rodata	00148958	DAT_00148958	undefined DAT_00148958
.rodata	0014895d	s_OTHER_0014895d	char s_OTHER_0014895d[6]
.rodata	00148963	DAT_00148963	undefined DAT_00148963
.rodata	00148967	DAT_00148967	undefined DAT_00148967
.rodata	0014896b	DAT_0014896b	undefined DAT_0014896b
.rodata	00148970	s_BATCH_00148970	char s_BATCH_00148970[6]
.rodata	00148976	DAT_00148976	undefined DAT_00148976
.rodata	00148979	DAT_00148979	undefined DAT_00148979
.rodata	0014897e	s_%s%s_0014897e	char s_%s%s_0014897e[6]
.rodata	00148984	s_/proc/_00148984	char s_/proc/_00148984[7]
.rodata	0014898b	s_(deleted)_0014898b	char s_(deleted)_0014898b[11]
.rodata	00148996	s_%3ld_00148996	char s_%3ld_00148996[6]
.rodata	0014899c	s_%4ld_0014899c	char s_%4ld_0014899c[6]
.rodata	001489a2	DAT_001489a2	undefined DAT_001489a2
.rodata	001489a7	DAT_001489a7	undefined DAT_001489a7
.rodata	001489ac	DAT_001489ac	undefined DAT_001489ac
.rodata	001489b1	s_%-5s_001489b1	char s_%-5s_001489b1[6]
.rodata	001489b7	s_(no_tty)_001489b7	char s_(no_tty)_001489b7[10]
.rodata	001489c1	s_/dev/_001489c1	char s_/dev/_001489c1[6]
.rodata	001489c7	s_%-8s_001489c7	char s_%-8s_001489c7[6]
.rodata	001489cd	s_%-10d_001489cd	char s_%-10d_001489cd[7]
.rodata	001489d4	s_<N/A>_001489d4	char s_<N/A>_001489d4[6]
.rodata	001489da	s_<END_OF_FILE>_001489da	char s_<END_OF_FILE>_001489da[14]
.rodata	001489e8	s_Space_001489e8	char s_Space_001489e8[6]
.rodata	001489ee	DAT_001489ee	undefined DAT_001489ee
.rodata	001489f1	DAT_001489f1	undefined DAT_001489f1
.rodata	001489f4	DAT_001489f4	undefined DAT_001489f4
.rodata	001489f8	s_Style_001489f8	char s_Style_001489f8[7]
.rodata	001489ff	s_Lock_001489ff	char s_Lock_001489ff[7]
.rodata	00148a06	s_Up_00148a06	char s_Up_00148a06[7]
.rodata	00148a0d	s_Down_00148a0d	char s_Down_00148a0d[7]
.rodata	00148a14	s_Left_00148a14	char s_Left_00148a14[7]
.rodata	00148a1b	s_Right_00148a1b	char s_Right_00148a1b[7]
.rodata	00148a22	s_Delete_00148a22	char s_Delete_00148a22[7]
.rodata	00148a29	s_Move_00148a29	char s_Move_00148a29[7]
.rodata	00148a30	DAT_00148a30	undefined DAT_00148a30
.rodata	00148a35	DAT_00148a35	undefined DAT_00148a35
.rodata	00148a3a	DAT_00148a3a	undefined DAT_00148a3a
.rodata	00148a3d	DAT_00148a3d	undefined DAT_00148a3d
.rodata	00148a3f	DAT_00148a3f	undefined DAT_00148a3f
.rodata	00148a44	DAT_00148a44	undefined DAT_00148a44
.rodata	00148a49	DAT_00148a49	undefined DAT_00148a49
.rodata	00148a4e	DAT_00148a4e	undefined DAT_00148a4e
.rodata	00148a5b	DAT_00148a5b	undefined DAT_00148a5b
.rodata	00148a62	DAT_00148a62	undefined DAT_00148a62
.rodata	00148a6f	DAT_00148a6f	undefined DAT_00148a6f
.rodata	00148a78	DAT_00148a78	undefined DAT_00148a78
.rodata	00148a85	DAT_00148a85	undefined DAT_00148a85
.rodata	00148a8e	DAT_00148a8e	undefined DAT_00148a8e
.rodata	00148a95	DAT_00148a95	undefined DAT_00148a95
.rodata	00148aa2	DAT_00148aa2	undefined DAT_00148aa2
.rodata	00148aad	DAT_00148aad	undefined DAT_00148aad
.rodata	00148aba	DAT_00148aba	undefined DAT_00148aba
.rodata	00148ac7	DAT_00148ac7	undefined DAT_00148ac7
.rodata	00148ad4	DAT_00148ad4	undefined DAT_00148ad4
.rodata	00148ad7	DAT_00148ad7	undefined DAT_00148ad7
.rodata	00148adb	DAT_00148adb	undefined DAT_00148adb
.rodata	00148ae8	DAT_00148ae8	undefined DAT_00148ae8
.rodata	00148af5	DAT_00148af5	undefined DAT_00148af5
.rodata	00148afc	DAT_00148afc	undefined DAT_00148afc
.rodata	00148b09	DAT_00148b09	undefined DAT_00148b09
.rodata	00148b16	DAT_00148b16	undefined DAT_00148b16
.rodata	00148b1d	DAT_00148b1d	undefined DAT_00148b1d
.rodata	00148b21	DAT_00148b21	undefined DAT_00148b21
.rodata	00148b25	DAT_00148b25	undefined DAT_00148b25
.rodata	00148b29	DAT_00148b29	undefined DAT_00148b29
.rodata	00148b2d	DAT_00148b2d	undefined DAT_00148b2d
.rodata	00148b31	DAT_00148b31	undefined DAT_00148b31
.rodata	00148b35	DAT_00148b35	undefined DAT_00148b35
.rodata	00148b39	DAT_00148b39	undefined DAT_00148b39
.rodata	00148b3d	DAT_00148b3d	undefined DAT_00148b3d
.rodata	00148b41	DAT_00148b41	undefined DAT_00148b41
.rodata	00148b45	DAT_00148b45	undefined DAT_00148b45
.rodata	00148b49	DAT_00148b49	undefined DAT_00148b49
.rodata	00148b4d	DAT_00148b4d	undefined DAT_00148b4d
.rodata	00148b51	DAT_00148b51	undefined DAT_00148b51
.rodata	00148b55	DAT_00148b55	undefined DAT_00148b55
.rodata	00148b59	DAT_00148b59	undefined DAT_00148b59
.rodata	00148b5d	DAT_00148b5d	undefined DAT_00148b5d
.rodata	00148b61	DAT_00148b61	undefined DAT_00148b61
.rodata	00148b65	DAT_00148b65	undefined DAT_00148b65
.rodata	00148b69	DAT_00148b69	undefined DAT_00148b69
.rodata	00148b6d	DAT_00148b6d	undefined DAT_00148b6d
.rodata	00148b71	DAT_00148b71	undefined DAT_00148b71
.rodata	00148b75	DAT_00148b75	undefined DAT_00148b75
.rodata	00148b79	DAT_00148b79	undefined DAT_00148b79
.rodata	00148b7d	s_Help_00148b7d	char s_Help_00148b7d[7]
.rodata	00148b84	s_Setup_00148b84	char s_Setup_00148b84[7]
.rodata	00148b8b	s_Search_00148b8b	char s_Search_00148b8b[7]
.rodata	00148b92	s_SortBy_00148b92	char s_SortBy_00148b92[7]
.rodata	00148b99	s_Quit_00148b99	char s_Quit_00148b99[7]
.rodata	00148ba0	s_Nice_-_00148ba0	char s_Nice_-_00148ba0[7]
.rodata	00148ba5	s_-_00148ba0+5	
.rodata	00148ba7	DAT_00148ba7	undefined DAT_00148ba7
.rodata	00148bac	DAT_00148bac	undefined DAT_00148bac
.rodata	00148bae	s_Kill_00148bae	char s_Kill_00148bae[7]
.rodata	00148bb5	s_Search_00148bb5	char s_Search_00148bb5[8]
.rodata	00148bbd	s_Filter_00148bbd	char s_Filter_00148bbd[8]
.rodata	00148bc5	s_Refresh_00148bc5	char s_Refresh_00148bc5[8]
.rodata	00148bcd	DAT_00148bcd	undefined DAT_00148bcd
.rodata	00148bcf	DAT_00148bcf	undefined DAT_00148bcf
.rodata	00148bd2	s_Next_00148bd2	char s_Next_00148bd2[7]
.rodata	00148bd9	s_Prev_00148bd9	char s_Prev_00148bd9[8]
.rodata	00148be1	s_Search:_00148be1	char s_Search:_00148be1[10]
.rodata	00148beb	s_Clear_00148beb	char s_Clear_00148beb[7]
.rodata	00148bf2	s_Filter:_00148bf2	char s_Filter:_00148bf2[10]
.rodata	00148bfc	s_Dynamic(%30s)_00148bfc	char s_Dynamic(%30s)_00148bfc[14]
.rodata	00148c03	s_(%30s)_00148bfc+7	
.rodata	00148c0a	s_%sDynamic(%s)_00148c0a	char s_%sDynamic(%s)_00148c0a[14]
.rodata	00148c18	DAT_00148c18	undefined DAT_00148c18
.rodata	00148c1d	s_%*.*f_00148c1d	char s_%*.*f_00148c1d[7]
.rodata	00148c24	s_%*.*s_00148c24	char s_%*.*s_00148c24[7]
.rodata	00148c2b	s_%u/%u_00148c2b	char s_%u/%u_00148c2b[6]
.rodata	00148c31	DAT_00148c31	undefined DAT_00148c31
.rodata	00148c35	DAT_00148c35	undefined DAT_00148c35
.rodata	00148c38	DAT_00148c38	undefined DAT_00148c38
.rodata	00148c3c	DAT_00148c3c	undefined DAT_00148c3c
.rodata	00148c3f	s_%s.tmp.XXXXXX_00148c3f	char s_%s.tmp.XXXXXX_00148c3f[14]
.rodata	00148c4d	s_3.3.0_00148c4d	char s_3.3.0_00148c4d[6]
.rodata	00148c53	s_htop_version=%s%c_00148c53	char s_htop_version=%s%c_00148c53[18]
.rodata	00148c65	s_fields=_00148c65	char s_fields=_00148c65[8]
.rodata	00148c6d	s_hide_kernel_threads=%d%c_00148c6d	char s_hide_kernel_threads=%d%c_00148c6d[25]
.rodata	00148c86	s_hide_userland_threads=%d%c_00148c86	char s_hide_userland_threads=%d%c_00148c86[27]
.rodata	00148ca1	s_shadow_other_users=%d%c_00148ca1	char s_shadow_other_users=%d%c_00148ca1[24]
.rodata	00148cb9	s_show_thread_names=%d%c_00148cb9	char s_show_thread_names=%d%c_00148cb9[23]
.rodata	00148cd0	s_show_program_path=%d%c_00148cd0	char s_show_program_path=%d%c_00148cd0[23]
.rodata	00148ce7	s_highlight_base_name=%d%c_00148ce7	char s_highlight_base_name=%d%c_00148ce7[25]
.rodata	00148d00	s_highlight_deleted_exe=%d%c_00148d00	char s_highlight_deleted_exe=%d%c_00148d00[27]
.rodata	00148d1b	s_highlight_megabytes=%d%c_00148d1b	char s_highlight_megabytes=%d%c_00148d1b[25]
.rodata	00148d34	s_highlight_threads=%d%c_00148d34	char s_highlight_threads=%d%c_00148d34[23]
.rodata	00148d4b	s_highlight_changes=%d%c_00148d4b	char s_highlight_changes=%d%c_00148d4b[23]
.rodata	00148d62	s_find_comm_in_cmdline=%d%c_00148d62	char s_find_comm_in_cmdline=%d%c_00148d62[26]
.rodata	00148d7c	s_strip_exe_from_cmdline=%d%c_00148d7c	char s_strip_exe_from_cmdline=%d%c_00148d7c[28]
.rodata	00148d98	s_show_merged_command=%d%c_00148d98	char s_show_merged_command=%d%c_00148d98[25]
.rodata	00148db1	s_header_margin=%d%c_00148db1	char s_header_margin=%d%c_00148db1[19]
.rodata	00148dc4	s_screen_tabs=%d%c_00148dc4	char s_screen_tabs=%d%c_00148dc4[17]
.rodata	00148dd5	s_detailed_cpu_time=%d%c_00148dd5	char s_detailed_cpu_time=%d%c_00148dd5[23]
.rodata	00148dec	s_cpu_count_from_one=%d%c_00148dec	char s_cpu_count_from_one=%d%c_00148dec[24]
.rodata	00148e04	s_show_cpu_usage=%d%c_00148e04	char s_show_cpu_usage=%d%c_00148e04[20]
.rodata	00148e18	s_show_cpu_frequency=%d%c_00148e18	char s_show_cpu_frequency=%d%c_00148e18[24]
.rodata	00148e30	s_show_cpu_temperature=%d%c_00148e30	char s_show_cpu_temperature=%d%c_00148e30[26]
.rodata	00148e4a	s_degree_fahrenheit=%d%c_00148e4a	char s_degree_fahrenheit=%d%c_00148e4a[23]
.rodata	00148e61	s_update_process_names=%d%c_00148e61	char s_update_process_names=%d%c_00148e61[26]
.rodata	00148e7b	s_color_scheme=%d%c_00148e7b	char s_color_scheme=%d%c_00148e7b[18]
.rodata	00148e8d	s_enable_mouse=%d%c_00148e8d	char s_enable_mouse=%d%c_00148e8d[18]
.rodata	00148e9f	s_delay=%d%c_00148e9f	char s_delay=%d%c_00148e9f[11]
.rodata	00148eaa	s_hide_function_bar=%d%c_00148eaa	char s_hide_function_bar=%d%c_00148eaa[23]
.rodata	00148ec1	s_header_layout=%s%c_00148ec1	char s_header_layout=%s%c_00148ec1[19]
.rodata	00148ed4	s_tree_sort_key=%d%c_00148ed4	char s_tree_sort_key=%d%c_00148ed4[19]
.rodata	00148ed9	s_sort_key=%d%c_00148ed4+5	
.rodata	00148ee7	s_column_meters_%u=_00148ee7	char s_column_meters_%u=_00148ee7[18]
.rodata	00148ef9	s_column_meter_modes_%u=_00148ef9	char s_column_meter_modes_%u=_00148ef9[23]
.rodata	00148f10	s_screen:%s=_00148f10	char s_screen:%s=_00148f10[11]
.rodata	00148f1b	s_.dynamic=%s%c_00148f1b	char s_.dynamic=%s%c_00148f1b[14]
.rodata	00148f29	s_.sort_key_00148f29	char s_.sort_key_00148f29[10]
.rodata	00148f2a	s_sort_key_00148f29+1	
.rodata	00148f33	s_%s=Dynamic(%s)%c_00148f33	char s_%s=Dynamic(%s)%c_00148f33[17]
.rodata	00148f44	s_.tree_sort_key_00148f44	char s_.tree_sort_key_00148f44[15]
.rodata	00148f45	s_tree_sort_key_00148f44+1	
.rodata	00148f53	s_.sort_key=%s%c_00148f53	char s_.sort_key=%s%c_00148f53[15]
.rodata	00148f62	s_.tree_sort_key=%s%c_00148f62	char s_.tree_sort_key=%s%c_00148f62[20]
.rodata	00148f76	s_.tree_view_always_by_pid=%d%c_00148f76	char s_.tree_view_always_by_pid=%d%c_00148f76[30]
.rodata	00148f77	s_tree_view_always_by_pid=%d%c_00148f76+1	
.rodata	00148f94	s_.tree_view=%d%c_00148f94	char s_.tree_view=%d%c_00148f94[16]
.rodata	00148f95	s_tree_view=%d%c_00148f94+1	
.rodata	00148fa4	s_.sort_direction=%d%c_00148fa4	char s_.sort_direction=%d%c_00148fa4[21]
.rodata	00148fa5	s_sort_direction=%d%c_00148fa4+1	
.rodata	00148fb9	s_.tree_sort_direction=%d%c_00148fb9	char s_.tree_sort_direction=%d%c_00148fb9[26]
.rodata	00148fba	s_tree_sort_direction=%d%c_00148fb9+1	
.rodata	00148fd3	s_.all_branches_collapsed=%d%c_00148fd3	char s_.all_branches_collapsed=%d%c_00148fd3[29]
.rodata	00148fd4	s_all_branches_collapsed=%d%c_00148fd3+1	
.rodata	00148ff0	s_Trace_of_process_%d_-_%s_00148ff0	char s_Trace_of_process_%d_-_%s_00148ff0[25]
.rodata	00149009	s_Stop_Tracing_00149009	char s_Stop_Tracing_00149009[16]
.rodata	00149019	s_Resume_Tracing_00149019	char s_Resume_Tracing_00149019[16]
.rodata	00149029	s_(unknown)_00149029	char s_(unknown)_00149029[10]
.rodata	00149033	DAT_00149033	undefined DAT_00149033
.rodata	0014903d	DAT_0014903d	undefined DAT_0014903d
.rodata	00149040	s_%d_days,_00149040	char s_%d_days,_00149040[10]
.rodata	0014904a	s_1_day,_0014904a	char s_1_day,_0014904a[8]
.rodata	00149052	s_%s%02d:%02d:%02d_00149052	char s_%s%02d:%02d:%02d_00149052[17]
.rodata	00149063	DAT_00149063	undefined DAT_00149063
.rodata	00149068	DAT_00149068	undefined DAT_00149068
.rodata	0014906c	s_%03u_0014906c	char s_%03u_0014906c[6]
.rodata	00149072	s_.%02u_00149072	char s_.%02u_00149072[6]
.rodata	00149078	DAT_00149078	undefined DAT_00149078
.rodata	00149079	DAT_00149079	undefined DAT_00149079
.rodata	0014907d	s_%4u%c_0014907d	char s_%4u%c_0014907d[7]
.rodata	00149084	DAT_00149084	undefined DAT_00149084
.rodata	00149088	DAT_00149088	undefined DAT_00149088
.rodata	0014908c	DAT_0014908c	undefined DAT_0014908c
.rodata	00149092	DAT_00149092	undefined DAT_00149092
.rodata	00149093	DAT_00149093	undefined DAT_00149093
.rodata	00149094	DAT_00149094	undefined DAT_00149094
.rodata	00149099	s_%11llu_00149099	char s_%11llu_00149099[8]
.rodata	001490a1	s_%2u:%02u.%02u_001490a1	char s_%2u:%02u.%02u_001490a1[15]
.rodata	001490b0	DAT_001490b0	undefined DAT_001490b0
.rodata	001490b5	s_%02u:%02u_001490b5	char s_%02u:%02u_001490b5[11]
.rodata	001490c0	DAT_001490c0	undefined DAT_001490c0
.rodata	001490c5	s_%02uh_001490c5	char s_%02uh_001490c5[6]
.rodata	001490cb	s_%02um_001490cb	char s_%02um_001490cb[7]
.rodata	001490d2	DAT_001490d2	undefined DAT_001490d2
.rodata	001490d7	s_%02uh_001490d7	char s_%02uh_001490d7[7]
.rodata	001490de	DAT_001490de	undefined DAT_001490de
.rodata	001490e3	s_%03ud_001490e3	char s_%03ud_001490e3[7]
.rodata	001490ea	s_%7luy_001490ea	char s_%7luy_001490ea[7]
.rodata	001490f1	s_eternity_001490f1	char s_eternity_001490f1[10]
.rodata	001490fb	s_%7.2f_B/s_001490fb	char s_%7.2f_B/s_001490fb[11]
.rodata	00149106	s_%7.2f_K/s_00149106	char s_%7.2f_K/s_00149106[11]
.rodata	00149111	s_%7.2f_M/s_00149111	char s_%7.2f_M/s_00149111[11]
.rodata	0014911c	s_%7.2f_G/s_0014911c	char s_%7.2f_G/s_0014911c[11]
.rodata	00149127	s_%7.2f_T/s_00149127	char s_%7.2f_T/s_00149127[11]
.rodata	00149132	s_%7.2f_P/s_00149132	char s_%7.2f_P/s_00149132[11]
.rodata	0014913d	DAT_0014913d	undefined DAT_0014913d
.rodata	00149142	s_kthr_00149142	char s_kthr_00149142[6]
.rodata	00149148	s_running_00149148	char s_running_00149148[9]
.rodata	00149149	s_running_00149148+1	
.rodata	00149151	s_frontswap:_00149151	char s_frontswap:_00149151[12]
.rodata	0014915d	s_(merged)_0014915d	char s_(merged)_0014915d[9]
.rodata	00149166	s_Select_00149166	char s_Select_00149166[8]
.rodata	0014916e	s_New_policy:_0014916e	char s_New_policy:_0014916e[12]
.rodata	0014917a	s_Screen_tabs_0014917a	char s_Screen_tabs_0014917a[12]
.rodata	00149186	s_Processes_00149186	char s_Processes_00149186[10]
.rodata	00149190	s_Send_00149190	char s_Send_00149190[8]
.rodata	00149198	s_Send_signal:_00149198	char s_Send_signal:_00149198[13]
.rodata	001491a5	s_%2d_SIGRTMIN%-+3d_001491a5	char s_%2d_SIGRTMIN%-+3d_001491a5[18]
.rodata	001491b7	DAT_001491b7	undefined DAT_001491b7
.rodata	001491b9	DAT_001491b9	undefined DAT_001491b9
.rodata	001491bb	s_PID_Command_001491bb	char s_PID_Command_001491bb[12]
.rodata	001491bf	s_Command_001491bb+4	
.rodata	001491c7	s_config_reader_min_version_001491c7	char s_config_reader_min_version_001491c7[26]
.rodata	001491d9	L_001491d9	
.rodata	001491e1	s_fields_001491e1	char s_fields_001491e1[7]
.rodata	001491e8	s_hide_kernel_threads_001491e8	char s_hide_kernel_threads_001491e8[20]
.rodata	001491fc	s_hide_userland_threads_001491fc	char s_hide_userland_threads_001491fc[22]
.rodata	00149212	s_hide_running_in_container_00149212	char s_hide_running_in_container_00149212[26]
.rodata	0014922c	s_shadow_other_users_0014922c	char s_shadow_other_users_0014922c[19]
.rodata	0014923f	s_show_thread_names_0014923f	char s_show_thread_names_0014923f[18]
.rodata	00149251	s_show_program_path_00149251	char s_show_program_path_00149251[18]
.rodata	00149263	s_highlight_base_name_00149263	char s_highlight_base_name_00149263[20]
.rodata	00149277	s_highlight_deleted_exe_00149277	char s_highlight_deleted_exe_00149277[22]
.rodata	00149289	s_exe_00149277+0x12	
.rodata	0014928d	s_highlight_megabytes_0014928d	char s_highlight_megabytes_0014928d[20]
.rodata	001492a1	s_highlight_threads_001492a1	char s_highlight_threads_001492a1[18]
.rodata	001492b3	s_highlight_changes_001492b3	char s_highlight_changes_001492b3[18]
.rodata	001492c5	s_highlight_changes_delay_secs_001492c5	char s_highlight_changes_delay_secs_001492c5[29]
.rodata	001492e2	s_find_comm_in_cmdline_001492e2	char s_find_comm_in_cmdline_001492e2[21]
.rodata	001492f7	s_strip_exe_from_cmdline_001492f7	char s_strip_exe_from_cmdline_001492f7[23]
.rodata	00149306	s_cmdline_001492f7+0xf	
.rodata	0014930e	s_show_merged_command_0014930e	char s_show_merged_command_0014930e[20]
.rodata	00149322	s_header_margin_00149322	char s_header_margin_00149322[14]
.rodata	00149330	s_screen_tabs_00149330	char s_screen_tabs_00149330[12]
.rodata	0014933c	s_expand_system_time_0014933c	char s_expand_system_time_0014933c[19]
.rodata	0014934f	s_detailed_cpu_time_0014934f	char s_detailed_cpu_time_0014934f[18]
.rodata	00149361	s_cpu_count_from_one_00149361	char s_cpu_count_from_one_00149361[19]
.rodata	00149374	s_cpu_count_from_zero_00149374	char s_cpu_count_from_zero_00149374[20]
.rodata	00149388	s_show_cpu_usage_00149388	char s_show_cpu_usage_00149388[15]
.rodata	00149397	s_show_cpu_frequency_00149397	char s_show_cpu_frequency_00149397[19]
.rodata	001493aa	s_show_cpu_temperature_001493aa	char s_show_cpu_temperature_001493aa[21]
.rodata	001493bf	s_degree_fahrenheit_001493bf	char s_degree_fahrenheit_001493bf[18]
.rodata	001493d1	s_update_process_names_001493d1	char s_update_process_names_001493d1[21]
.rodata	001493e6	s_account_guest_in_cpu_meter_001493e6	char s_account_guest_in_cpu_meter_001493e6[27]
.rodata	00149401	s_color_scheme_00149401	char s_color_scheme_00149401[13]
.rodata	0014940e	s_enable_mouse_0014940e	char s_enable_mouse_0014940e[13]
.rodata	0014941b	s_header_layout_0014941b	char s_header_layout_0014941b[14]
.rodata	00149429	s_left_meters_00149429	char s_left_meters_00149429[12]
.rodata	00149435	s_right_meters_00149435	char s_right_meters_00149435[13]
.rodata	00149442	s_left_meter_modes_00149442	char s_left_meter_modes_00149442[17]
.rodata	00149453	s_right_meter_modes_00149453	char s_right_meter_modes_00149453[18]
.rodata	00149465	s_column_meters__00149465	char s_column_meters__00149465[15]
.rodata	00149474	s_column_meter_modes__00149474	char s_column_meter_modes__00149474[20]
.rodata	00149488	s_hide_function_bar_00149488	char s_hide_function_bar_00149488[18]
.rodata	0014949a	s_screen:_0014949a	char s_screen:_0014949a[8]
.rodata	001494a2	s_.sort_direction_001494a2	char s_.sort_direction_001494a2[16]
.rodata	001494a3	s_sort_direction_001494a2+1	
.rodata	001494b2	s_.tree_sort_direction_001494b2	char s_.tree_sort_direction_001494b2[21]
.rodata	001494b3	s_tree_sort_direction_001494b2+1	
.rodata	001494c7	s_.tree_view_001494c7	char s_.tree_view_001494c7[11]
.rodata	001494c8	s_tree_view_001494c7+1	
.rodata	001494d2	s_.tree_view_always_by_pid_001494d2	char s_.tree_view_always_by_pid_001494d2[25]
.rodata	001494d3	s_tree_view_always_by_pid_001494d2+1	
.rodata	001494eb	s_.all_branches_collapsed_001494eb	char s_.all_branches_collapsed_001494eb[24]
.rodata	001494ec	s_all_branches_collapsed_001494eb+1	
.rodata	00149503	s_.dynamic_00149503	char s_.dynamic_00149503[9]
.rodata	0014950c	s_HTOPRC_0014950c	char s_HTOPRC_0014950c[7]
.rodata	00149513	s_XDG_CONFIG_HOME_00149513	char s_XDG_CONFIG_HOME_00149513[16]
.rodata	0014951e	s_HOME_00149513+0xb	
.rodata	00149523	s_/.config/htop/htoprc_00149523	char s_/.config/htop/htoprc_00149523[21]
.rodata	0014952b	s_/htop/htoprc_00149523+8	
.rodata	00149538	s_/.config_00149538	char s_/.config_00149538[9]
.rodata	00149541	s_/.config/htop_00149541	char s_/.config/htop_00149541[14]
.rodata	00149549	s_/htop_00149541+8	
.rodata	0014954a	s_htop_00149541+9	
.rodata	0014954f	s_/.htoprc_0014954f	char s_/.htoprc_0014954f[9]
.rodata	00149558	s_/etc/htoprc_00149558	char s_/etc/htoprc_00149558[12]
.rodata	00149564	s_AutoScroll_00149564	char s_AutoScroll_00149564[12]
.rodata	00149570	s_0_Cancel_00149570	char s_0_Cancel_00149570[10]
.rodata	0014957a	s_1_SIGHUP_0014957a	char s_1_SIGHUP_0014957a[10]
.rodata	00149584	s_2_SIGINT_00149584	char s_2_SIGINT_00149584[10]
.rodata	0014958e	s_3_SIGQUIT_0014958e	char s_3_SIGQUIT_0014958e[11]
.rodata	00149599	s_4_SIGILL_00149599	char s_4_SIGILL_00149599[10]
.rodata	001495a3	s_5_SIGTRAP_001495a3	char s_5_SIGTRAP_001495a3[11]
.rodata	001495ae	s_6_SIGABRT_001495ae	char s_6_SIGABRT_001495ae[11]
.rodata	001495b9	s_6_SIGIOT_001495b9	char s_6_SIGIOT_001495b9[10]
.rodata	001495c3	s_7_SIGBUS_001495c3	char s_7_SIGBUS_001495c3[10]
.rodata	001495cd	s_8_SIGFPE_001495cd	char s_8_SIGFPE_001495cd[10]
.rodata	001495d7	s_9_SIGKILL_001495d7	char s_9_SIGKILL_001495d7[11]
.rodata	001495e2	s_10_SIGUSR1_001495e2	char s_10_SIGUSR1_001495e2[11]
.rodata	001495ed	s_11_SIGSEGV_001495ed	char s_11_SIGSEGV_001495ed[11]
.rodata	001495f8	s_12_SIGUSR2_001495f8	char s_12_SIGUSR2_001495f8[11]
.rodata	00149603	s_13_SIGPIPE_00149603	char s_13_SIGPIPE_00149603[11]
.rodata	0014960e	s_14_SIGALRM_0014960e	char s_14_SIGALRM_0014960e[11]
.rodata	00149619	s_15_SIGTERM_00149619	char s_15_SIGTERM_00149619[11]
.rodata	0014961f	s_TERM_00149619+6	
.rodata	00149624	s_16_SIGSTKFLT_00149624	char s_16_SIGSTKFLT_00149624[13]
.rodata	00149631	s_17_SIGCHLD_00149631	char s_17_SIGCHLD_00149631[11]
.rodata	0014963c	s_18_SIGCONT_0014963c	char s_18_SIGCONT_0014963c[11]
.rodata	00149647	s_19_SIGSTOP_00149647	char s_19_SIGSTOP_00149647[11]
.rodata	00149652	s_20_SIGTSTP_00149652	char s_20_SIGTSTP_00149652[11]
.rodata	0014965d	s_21_SIGTTIN_0014965d	char s_21_SIGTTIN_0014965d[11]
.rodata	00149668	s_22_SIGTTOU_00149668	char s_22_SIGTTOU_00149668[11]
.rodata	00149673	s_23_SIGURG_00149673	char s_23_SIGURG_00149673[10]
.rodata	0014967d	s_24_SIGXCPU_0014967d	char s_24_SIGXCPU_0014967d[11]
.rodata	00149688	DAT_00149688	undefined DAT_00149688
.rodata	00149691	DAT_00149691	undefined DAT_00149691
.rodata	00149693	s_26_SIGVTALRM_00149693	char s_26_SIGVTALRM_00149693[13]
.rodata	001496a0	s_27_SIGPROF_001496a0	char s_27_SIGPROF_001496a0[11]
.rodata	001496ab	s_28_SIGWINCH_001496ab	char s_28_SIGWINCH_001496ab[12]
.rodata	001496b7	s_29_SIGIO_001496b7	char s_29_SIGIO_001496b7[9]
.rodata	001496c0	s_29_SIGPOLL_001496c0	char s_29_SIGPOLL_001496c0[11]
.rodata	001496cb	s_30_SIGPWR_001496cb	char s_30_SIGPWR_001496cb[10]
.rodata	001496d5	s_31_SIGSYS_001496d5	char s_31_SIGSYS_001496d5[10]
.rodata	001496df	DAT_001496df	undefined DAT_001496df
.rodata	001496e4	DAT_001496e4	undefined DAT_001496e4
.rodata	001496e8	s_New_001496e8	char s_New_001496e8[7]
.rodata	001496ef	s_Rename_001496ef	char s_Rename_001496ef[7]
.rodata	001496f6	s_/proc/cpuinfo_001496f6	char s_/proc/cpuinfo_001496f6[14]
.rodata	00149704	s_processor_:_%d_00149704	char s_processor_:_%d_00149704[15]
.rodata	00149710	s_%d_00149704+0xc	
.rodata	00149713	s_cpu_MHz_:_%lf_00149713	char s_cpu_MHz_:_%lf_00149713[14]
.rodata	00149721	s_clock_:_%lfMHz_00149721	char s_clock_:_%lfMHz_00149721[15]
.rodata	00149730	s_status_00149730	char s_status_00149730[7]
.rodata	00149746	s_voluntary_ctxt_switches:_%lu_00149746	char s_voluntary_ctxt_switches:_%lu_00149746[29]
.rodata	0014975f	s_%lu_00149746+0x19	
.rodata	00149763	L_00149763	char L_00149763[28]
.rodata	00149785	DAT_00149785	undefined DAT_00149785
.rodata	0014978b	DAT_0014978b	undefined DAT_0014978b
.rodata	00149790	s_oom_score_00149790	char s_oom_score_00149790[10]
.rodata	0014979a	DAT_0014979a	undefined1 DAT_0014979a
.rodata	0014979b	DAT_0014979b	undefined1 DAT_0014979b
.rodata	0014979e	DAT_0014979e	undefined1 DAT_0014979e
.rodata	0014979f	DAT_0014979f	undefined1 DAT_0014979f
.rodata	001497a2	DAT_001497a2	undefined1 DAT_001497a2
.rodata	001497a3	DAT_001497a3	undefined1 DAT_001497a3
.rodata	001497a6	DAT_001497a6	undefined1 DAT_001497a6
.rodata	001497a7	DAT_001497a7	undefined1 DAT_001497a7
.rodata	001497ac	DAT_001497ac	undefined1 DAT_001497ac
.rodata	001497ad	DAT_001497ad	undefined1 DAT_001497ad
.rodata	001497b2	s_[SNC:_001497b2	char s_[SNC:_001497b2[6]
.rodata	001497b8	DAT_001497b8	undefined1 DAT_001497b8
.rodata	001497b9	DAT_001497b9	undefined1 DAT_001497b9
.rodata	001497be	DAT_001497be	undefined1 DAT_001497be
.rodata	001497bf	s_snap:_001497bf	char s_snap:_001497bf[6]
.rodata	001497c5	DAT_001497c5	undefined1 DAT_001497c5
.rodata	001497c6	DAT_001497c6	undefined1 DAT_001497c6
.rodata	001497cb	s_!docker:_001497cb	char s_!docker:_001497cb[9]
.rodata	001497cc	s_docker:_001497cb+1	
.rodata	001497d4	s_system.slice_001497d4	char s_system.slice_001497d4[13]
.rodata	001497e1	s_/system-_001497e1	char s_/system-_001497e1[9]
.rodata	001497ea	s_machine.slice_001497ea	char s_machine.slice_001497ea[14]
.rodata	001497f1	s_.slice_001497ea+7	
.rodata	001497f8	s_user.slice_001497f8	char s_user.slice_001497f8[11]
.rodata	00149803	s_/user-_00149803	char s_/user-_00149803[7]
.rodata	0014980a	s_lxc.payload._0014980a	char s_lxc.payload._0014980a[13]
.rodata	00149817	s_lxc.monitor._00149817	char s_lxc.monitor._00149817[13]
.rodata	00149824	s_lxc.monitor_00149824	char s_lxc.monitor_00149824[12]
.rodata	00149830	s_lxc.payload_00149830	char s_lxc.payload_00149830[12]
.rodata	0014983c	s_.service_0014983c	char s_.service_0014983c[9]
.rodata	00149845	s_user@_00149845	char s_user@_00149845[6]
.rodata	0014984b	s_.scope_0014984b	char s_.scope_0014984b[7]
.rodata	00149852	s_machine-_00149852	char s_machine-_00149852[9]
.rodata	0014985b	s_/supervisor_0014985b	char s_/supervisor_0014985b[12]
.rodata	00149867	s_/payload_00149867	char s_/payload_00149867[9]
.rodata	00149870	s_snap._00149870	char s_snap._00149870[6]
.rodata	00149876	s_libpod-_00149876	char s_libpod-_00149876[8]
.rodata	0014987e	s_docker-_0014987e	char s_docker-_0014987e[8]
.rodata	00149886	DAT_00149886	undefined1 DAT_00149886
.rodata	00149887	DAT_00149887	undefined1 DAT_00149887
.rodata	0014988c	DAT_0014988c	undefined1 DAT_0014988c
.rodata	0014988d	DAT_0014988d	undefined1 DAT_0014988d
.rodata	00149892	DAT_00149892	undefined1 DAT_00149892
.rodata	00149893	DAT_00149893	undefined1 DAT_00149893
.rodata	00149898	s_on-line_00149898	char s_on-line_00149898[8]
.rodata	001498a0	s_/sys/class/power_supply_001498a0	char s_/sys/class/power_supply_001498a0[24]
.rodata	001498b8	DAT_001498b8	undefined DAT_001498b8
.rodata	001498bd	L_001498bd	char L_001498bd[6]
.rodata	001498c3	s_uevent_001498c3	char s_uevent_001498c3[7]
.rodata	001498ca	s_POWER_SUPPLY_%99[^=]=%d_001498ca	char s_POWER_SUPPLY_%99[^=]=%d_001498ca[24]
.rodata	001498e2	s_CAPACITY_001498e2	char s_CAPACITY_001498e2[9]
.rodata	001498eb	s_ENERGY_FULL_001498eb	char s_ENERGY_FULL_001498eb[12]
.rodata	001498f7	s_CHARGE_FULL_001498f7	char s_CHARGE_FULL_001498f7[12]
.rodata	00149903	s_ENERGY_NOW_00149903	char s_ENERGY_NOW_00149903[11]
.rodata	0014990e	s_CHARGE_NOW_0014990e	char s_CHARGE_NOW_0014990e[11]
.rodata	00149919	s_online_00149919	char s_online_00149919[7]
.rodata	00149920	s_libsensors.so_00149920	char s_libsensors.so_00149920[14]
.rodata	0014992e	s_libsensors.so.5_0014992e	char s_libsensors.so.5_0014992e[16]
.rodata	0014993e	s_libsensors.so.4_0014993e	char s_libsensors.so.4_0014993e[16]
.rodata	0014994e	s_sensors_cleanup_0014994e	char s_sensors_cleanup_0014994e[16]
.rodata	0014995e	s_sensors_get_detected_chips_0014995e	char s_sensors_get_detected_chips_0014995e[27]
.rodata	00149979	s_sensors_get_features_00149979	char s_sensors_get_features_00149979[21]
.rodata	0014998e	s_sensors_get_subfeature_0014998e	char s_sensors_get_subfeature_0014998e[23]
.rodata	001499a5	s_sensors_get_value_001499a5	char s_sensors_get_value_001499a5[18]
.rodata	001499b7	s_sensors_init_001499b7	char s_sensors_init_001499b7[13]
.rodata	001499bf	s_init_001499b7+8	
.rodata	001499c4	s_/proc/uptime_001499c4	char s_/proc/uptime_001499c4[13]
.rodata	001499d1	s_%64lf_001499d1	char s_%64lf_001499d1[6]
.rodata	001499d7	s_/proc/loadavg_001499d7	char s_/proc/loadavg_001499d7[14]
.rodata	001499e5	s_%lf_%lf_%lf_001499e5	char s_%lf_%lf_%lf_001499e5[12]
.rodata	001499f1	s_/proc/sys/fs/file-nr_001499f1	char s_/proc/sys/fs/file-nr_001499f1[21]
.rodata	00149a06	s_%llu_%llu_%llu_00149a06	char s_%llu_%llu_%llu_00149a06[15]
.rodata	00149a15	s_/proc/diskstats_00149a15	char s_/proc/diskstats_00149a15[16]
.rodata	00149a2e	s_/proc/net/dev_00149a2e	char s_/proc/net/dev_00149a2e[14]
.rodata	00149a40	s_/proc/self/ns/pid_00149a40	char s_/proc/self/ns/pid_00149a40[18]
.rodata	00149a4e	L_00149a4e	
.rodata	00149a61	DAT_00149a61	undefined DAT_00149a61
.rodata	00149a63	s_/proc/1/mounts_00149a63	char s_/proc/1/mounts_00149a63[15]
.rodata	00149a78	s_/proc_00149a78	char s_/proc_00149a78[6]
.rodata	00149a7e	L_00149a7e	char L_00149a7e[18]
.rodata	00149a90	s_/proc/pressure/%s_00149a90	char s_/proc/pressure/%s_00149a90[18]
.rodata	00149aa2	s_/proc/acpi/battery_00149aa2	char s_/proc/acpi/battery_00149aa2[19]
.rodata	00149ab5	s_%s/%s/info_00149ab5	char s_%s/%s/info_00149ab5[11]
.rodata	00149ac0	s_%s/%s/state_00149ac0	char s_%s/%s/state_00149ac0[12]
.rodata	00149acc	s_%99[^:]:%d_00149acc	char s_%99[^:]:%d_00149acc[11]
.rodata	00149ad7	s_last_full_capacity_00149ad7	char s_last_full_capacity_00149ad7[19]
.rodata	00149aea	s_remaining_capacity_00149aea	char s_remaining_capacity_00149aea[19]
.rodata	00149afd	DAT_00149afd	undefined DAT_00149afd
.rodata	00149b02	DAT_00149b02	undefined DAT_00149b02
.rodata	00149b07	s_;_mode:_enforcing_00149b07	char s_;_mode:_enforcing_00149b07[18]
.rodata	00149b19	s_enabled_00149b19	char s_enabled_00149b19[8]
.rodata	00149b21	s_disabled_00149b21	char s_disabled_00149b21[9]
.rodata	00149b2a	s_;_mode:_permissive_00149b2a	char s_;_mode:_permissive_00149b2a[19]
.rodata	00149b3d	s_/sys/fs/selinux_00149b3d	char s_/sys/fs/selinux_00149b3d[16]
.rodata	00149b47	s_linux_00149b3d+0xa	
.rodata	00149b4d	s_/etc/selinux/config_00149b4d	char s_/etc/selinux/config_00149b4d[20]
.rodata	00149b61	s_/sys/fs/selinux/enforce_00149b61	char s_/sys/fs/selinux/enforce_00149b61[24]
.rodata	00149b79	s_%.2f:1_00149b79	char s_%.2f:1_00149b79[7]
.rodata	00149b80	s_task/%i/stat_00149b80	char s_task/%i/stat_00149b80[13]
.rodata	00149b8d	s_/proc/%d/autogroup_00149b8d	char s_/proc/%d/autogroup_00149b8d[19]
.rodata	00149b96	s_autogroup_00149b8d+9	
.rodata	00149ba0	DAT_00149ba0	undefined DAT_00149ba0
.rodata	00149ba3	s_/autogroup-%ld_nice_%d_00149ba3	char s_/autogroup-%ld_nice_%d_00149ba3[23]
.rodata	00149bba	s_/proc/tty/drivers_00149bba	char s_/proc/tty/drivers_00149bba[18]
.rodata	00149bcc	s_cgroup_00149bcc	char s_cgroup_00149bcc[7]
.rodata	00149bd3	s_attr/current_00149bd3	char s_attr/current_00149bd3[13]
.rodata	00149be0	DAT_00149be0	undefined DAT_00149be0
.rodata	00149be4	s_/proc/%d/environ_00149be4	char s_/proc/%d/environ_00149be4[17]
.rodata	00149bf5	s_/proc/%d/fdinfo/_00149bf5	char s_/proc/%d/fdinfo/_00149bf5[17]
.rodata	00149c0c	DAT_00149c0c	undefined DAT_00149c0c
.rodata	00149c11	s_/proc/%d/fd/%s_00149c11	char s_/proc/%d/fd/%s_00149c11[15]
.rodata	00149c20	s_--user_00149c20	char s_--user_00149c20[7]
.rodata	00149c22	L_00149c22	
.rodata	00149c27	s_--system_00149c27	char s_--system_00149c27[9]
.rodata	00149c30	s_libsystemd.so.0_00149c30	char s_libsystemd.so.0_00149c30[16]
.rodata	00149c40	s_sd_bus_open_system_00149c40	char s_sd_bus_open_system_00149c40[19]
.rodata	00149c53	s_sd_bus_open_user_00149c53	char s_sd_bus_open_user_00149c53[17]
.rodata	00149c64	s_sd_bus_get_property_string_00149c64	char s_sd_bus_get_property_string_00149c64[27]
.rodata	00149c7f	s_sd_bus_get_property_trivial_00149c7f	char s_sd_bus_get_property_trivial_00149c7f[28]
.rodata	00149c9b	s_sd_bus_unref_00149c9b	char s_sd_bus_unref_00149c9b[13]
.rodata	00149ca8	s_/org/freedesktop/systemd1_00149ca8	char s_/org/freedesktop/systemd1_00149ca8[26]
.rodata	00149cc2	s_org.freedesktop.systemd1_00149cc2	char s_org.freedesktop.systemd1_00149cc2[25]
.rodata	00149cdb	s_--property=NFailedUnits_00149cdb	char s_--property=NFailedUnits_00149cdb[24]
.rodata	00149ce6	s_NFailedUnits_00149cdb+0xb	
.rodata	00149cf3	s_--property=SystemState_00149cf3	char s_--property=SystemState_00149cf3[23]
.rodata	00149cfe	s_SystemState_00149cf3+0xb	
.rodata	00149d0a	DAT_00149d0a	undefined DAT_00149d0a
.rodata	00149d0f	s_systemctl_00149d0f	char s_systemctl_00149d0f[10]
.rodata	00149d19	s_--property=NInstalledJobs_00149d19	char s_--property=NInstalledJobs_00149d19[26]
.rodata	00149d24	s_NInstalledJobs_00149d19+0xb	
.rodata	00149d33	s_--property=NJobs_00149d33	char s_--property=NJobs_00149d33[17]
.rodata	00149d3e	s_NJobs_00149d33+0xb	
.rodata	00149d44	s_--property=NNames_00149d44	char s_--property=NNames_00149d44[18]
.rodata	00149d4f	s_NNames_00149d44+0xb	
.rodata	00149d56	L_00149d56	char L_00149d56[13]
.rodata	00149d63	L_00149d63	char L_00149d63[14]
.rodata	00149d71	L_00149d71	char L_00149d71[8]
.rodata	00149d80	L_00149d80	char L_00149d80[16]
.rodata	00149d90	s_/etc/os-release_00149d90	char s_/etc/os-release_00149d90[16]
.rodata	00149da0	s_No_OS_Release_00149da0	char s_No_OS_Release_00149da0[14]
.rodata	00149dae	L_00149dae	char L_00149dae[14]
.rodata	00149dbc	L_00149dbc	char L_00149dbc[10]
.rodata	00149dc6	s_%s_%s_[%s]_00149dc6	char s_%s_%s_[%s]_00149dc6[11]
.rodata	00149dcb	s_[%s]_00149dc6+5	
.rodata	00149dd1	s_@_%s_00149dd1	char s_@_%s_00149dd1[6]
.rodata	00149dd7	s_uncompressed:_00149dd7	char s_uncompressed:_00149dd7[15]
.rodata	00149de6	s_Used:_00149de6	char s_Used:_00149de6[7]
.rodata	00149ded	s_MFU:_00149ded	char s_MFU:_00149ded[6]
.rodata	00149df3	s_MRU:_00149df3	char s_MRU:_00149df3[6]
.rodata	00149df9	s_Anon:_00149df9	char s_Anon:_00149df9[7]
.rodata	00149e00	s_Hdr:_00149e00	char s_Hdr:_00149e00[6]
.rodata	00149e06	s_Oth:_00149e06	char s_Oth:_00149e06[6]
.rodata	00149e0c	s_(Low)_00149e0c	char s_(Low)_00149e0c[6]
.rodata	00149e12	s_(High)_00149e12	char s_(High)_00149e12[7]
.rodata	00149e19	s_Realtime_00149e19	char s_Realtime_00149e19[9]
.rodata	00149e22	s_IO_Priority:_00149e22	char s_IO_Priority:_00149e22[13]
.rodata	00149e25	s_Priority:_00149e22+3	
.rodata	00149e2f	s_None_(based_on_nice)_00149e2f	char s_None_(based_on_nice)_00149e2f[21]
.rodata	00149e44	s_%s_%d_%s_00149e44	char s_%s_%d_%s_00149e44[9]
.rodata	00149e4d	s_/sys/devices/system/cpu_00149e4d	char s_/sys/devices/system/cpu_00149e4d[24]
.rodata	00149e61	s_cpu_00149e4d+0x14	
.rodata	00149e65	s_Cannot_open_/proc/stat_00149e65	char s_Cannot_open_/proc/stat_00149e65[23]
.rodata	00149e71	s_/proc/stat_00149e65+0xc	
.rodata	00149e7a	s_t_00149e65+0x15	
.rodata	00149e7c	L_00149e7c	char L_00149e7c[14]
.rodata	00149e8a	s_Cannot_open_/proc/meminfo_00149e8a	char s_Cannot_open_/proc/meminfo_00149e8a[26]
.rodata	00149e96	s_/proc/meminfo_00149e8a+0xc	
.rodata	00149ea4	L_00149ea4	char L_00149ea4[14]
.rodata	00149eb2	s_%llu_kB_00149eb2	char s_%llu_kB_00149eb2[8]
.rodata	00149eba	L_00149eba	char L_00149eba[9]
.rodata	00149ec3	L_00149ec3	char L_00149ec3[10]
.rodata	00149ecd	L_00149ecd	char L_00149ecd[9]
.rodata	00149edd	L_00149edd	char L_00149edd[11]
.rodata	00149ee8	L_00149ee8	char L_00149ee8[12]
.rodata	00149ef4	L_00149ef4	char L_00149ef4[10]
.rodata	00149efe	L_00149efe	char L_00149efe[14]
.rodata	00149f13	L_00149f13	char L_00149f13[10]
.rodata	00149f1d	s_/sys/kernel/mm/hugepages_00149f1d	char s_/sys/kernel/mm/hugepages_00149f1d[25]
.rodata	00149f36	s_hugepages-_00149f36	char s_hugepages-_00149f36[11]
.rodata	00149f41	s_/proc/spl/kstat/zfs/arcstats_00149f41	char s_/proc/spl/kstat/zfs/arcstats_00149f41[29]
.rodata	00149f64	s_%*2u_%32llu_00149f64	char s_%*2u_%32llu_00149f64[13]
.rodata	00149f75	DAT_00149f75	undefined DAT_00149f75
.rodata	00149f77	L_00149f77	char L_00149f77[18]
.rodata	00149f89	L_00149f89	char L_00149f89[9]
.rodata	00149f92	L_00149f92	char L_00149f92[10]
.rodata	00149f9c	L_00149f9c	char L_00149f9c[11]
.rodata	00149fa7	L_00149fa7	char L_00149fa7[11]
.rodata	00149fb2	L_00149fb2	char L_00149fb2[10]
.rodata	00149fbc	L_00149fbc	char L_00149fbc[9]
.rodata	00149fc5	L_00149fc5	char L_00149fc5[9]
.rodata	00149fce	s_/sys/block/zram%u/mm_stat_00149fce	char s_/sys/block/zram%u/mm_stat_00149fce[26]
.rodata	00149fe8	s_/sys/block/zram%u/disksize_00149fe8	char s_/sys/block/zram%u/disksize_00149fe8[27]
.rodata	0014a003	s_%llu_0014a003	char s_%llu_0014a003[6]
.rodata	0014a009	s_%llu_%llu_0014a009	char s_%llu_%llu_0014a009[20]
.rodata	0014a01d	L_0014a01d	char L_0014a01d[7]
.rodata	0014a024	s_btime_%lld_0014a024	char s_btime_%lld_0014a024[12]
.rodata	0014a030	s_No_btime_in_/proc/stat_0014a030	char s_No_btime_in_/proc/stat_0014a030[23]
.rodata	0014a047	DAT_0014a047	undefined DAT_0014a047
.rodata	0014a04c	s_B%1d_0014a04c	char s_B%1d_0014a04c[6]
.rodata	0014a052	s_R%1d_0014a052	char s_R%1d_0014a052[6]
.rodata	0014a058	DAT_0014a058	undefined DAT_0014a058
.rodata	0014a05c	DAT_0014a05c	undefined DAT_0014a05c
.rodata	0014a060	s_%5lu_0014a060	char s_%5lu_0014a060[6]
.rodata	0014a066	s_/proc/self/smaps_rollup_0014a066	char s_/proc/self/smaps_rollup_0014a066[24]
.rodata	0014a071	s_smaps_rollup_0014a066+0xb	
.rodata	0014a07e	DAT_0014a07e	undefined DAT_0014a07e
.rodata	0014a083	s_%5.2lf%%_0014a083	char s_%5.2lf%%_0014a083[10]
.rodata	0014a08d	s_Uncompressed,_0014a08d	char s_Uncompressed,_0014a08d[16]
.rodata	0014a09d	s_Compressed,_0014a09d	char s_Compressed,_0014a09d[14]
.rodata	0014a0ab	s_Ratio_0014a0ab	char s_Ratio_0014a0ab[7]
.rodata	0014a0b2	s_Compression_Unavailable_0014a0b2	char s_Compression_Unavailable_0014a0b2[24]
.rodata	0014a0be	s_Unavailable_0014a0b2+0xc	
.rodata	0014a0ca	s_degraded_0014a0ca	char s_degraded_0014a0ca[9]
.rodata	0014a0d3	s_failed)_(_0014a0d3	char s_failed)_(_0014a0d3[11]
.rodata	0014a0db	s_(_0014a0d3+8	
.rodata	0014a0de	s_jobs)_0014a0de	char s_jobs)_0014a0de[7]
.rodata	0014a0e5	DAT_0014a0e5	undefined DAT_0014a0e5
.rodata	0014a0e6	DAT_0014a0e6	undefined DAT_0014a0e6
.rodata	0014a0eb	DAT_0014a0eb	undefined DAT_0014a0eb
.rodata	0014a0f3	DAT_0014a0f3	undefined DAT_0014a0f3
.rodata	0014a0f6	s_har:_0014a0f6	char s_har:_0014a0f6[6]
.rodata	0014a0fc	s_ead_bytes:_0014a0fc	char s_ead_bytes:_0014a0fc[12]
.rodata	0014a108	s_yscr:_0014a108	char s_yscr:_0014a108[7]
.rodata	0014a10f	s_yscw:_0014a10f	char s_yscw:_0014a10f[7]
.rodata	0014a116	s_ancelled_write_bytes:_0014a116	char s_ancelled_write_bytes:_0014a116[23]
.rodata	0014a120	s_rite_bytes:_0014a116+0xa	
.rodata	0014a12d	s_statm_0014a12d	char s_statm_0014a12d[6]
.rodata	0014a133	s_%ld_%ld_%ld_%ld_%ld_%ld_%ld_0014a133	char s_%ld_%ld_%ld_%ld_%ld_%ld_%ld_0014a133[28]
.rodata	0014a14f	s_/memfd:_0014a14f	char s_/memfd:_0014a14f[8]
.rodata	0014a157	s_/dev/zero_(deleted)_0014a157	char s_/dev/zero_(deleted)_0014a157[21]
.rodata	0014a160	s_(deleted)_0014a157+9	
.rodata	0014a172	L_0014a172	char L_0014a172[9]
.rodata	0014a17b	s_%s/%d_0014a17b	char s_%s/%d_0014a17b[6]
.rodata	0014a181	s_/dev/%u:%u_0014a181	char s_/dev/%u:%u_0014a181[11]
.rodata	0014a18c	s_/proc/vz_0014a18c	char s_/proc/vz_0014a18c[9]
.rodata	0014a195	s_envID_0014a195	char s_envID_0014a195[6]
.rodata	0014a19b	DAT_0014a19b	undefined DAT_0014a19b
.rodata	0014a1a0	s_TASKSTATS_0014a1a0	char s_TASKSTATS_0014a1a0[10]
.rodata	0014a1aa	DAT_0014a1aa	undefined DAT_0014a1aa
.rodata	0014a1af	s_coretemp_0014a1af	char s_coretemp_0014a1af[9]
.rodata	0014a1b8	s_via_cputemp_0014a1b8	char s_via_cputemp_0014a1b8[12]
.rodata	0014a1c4	L_0014a1c4	char L_0014a1c4[12]
.rodata	0014a1d0	L_0014a1d0	undefined L_0014a1d0
.rodata	0014a1d3	DAT_0014a1d3	undefined DAT_0014a1d3
.rodata	0014a1d8	L_0014a1d8	char L_0014a1d8[9]
.rodata	0014a1e1	L_0014a1e1	undefined L_0014a1e1
.rodata	0014a1e8	s_Best-effort_0014a1e8	char s_Best-effort_0014a1e8[12]
.rodata	0014a1f4	s_64K:_0014a1f4	char s_64K:_0014a1f4[6]
.rodata	0014a1fa	s_128K:_0014a1fa	char s_128K:_0014a1fa[7]
.rodata	0014a201	s_256K:_0014a201	char s_256K:_0014a201[7]
.rodata	0014a208	s_512K:_0014a208	char s_512K:_0014a208[7]
.rodata	0014a20f	DAT_0014a20f	undefined DAT_0014a20f
.rodata	0014a214	DAT_0014a214	undefined DAT_0014a214
.rodata	0014a219	DAT_0014a219	undefined DAT_0014a219
.rodata	0014a21e	DAT_0014a21e	undefined DAT_0014a21e
.rodata	0014a223	s_16M:_0014a223	char s_16M:_0014a223[6]
.rodata	0014a229	s_32M:_0014a229	char s_32M:_0014a229[6]
.rodata	0014a22f	s_64M:_0014a22f	char s_64M:_0014a22f[6]
.rodata	0014a235	s_128M:_0014a235	char s_128M:_0014a235[7]
.rodata	0014a23c	s_256M:_0014a23c	char s_256M:_0014a23c[7]
.rodata	0014a243	s_512M:_0014a243	char s_512M:_0014a243[7]
.rodata	0014a24a	DAT_0014a24a	undefined DAT_0014a24a
.rodata	0014a24f	DAT_0014a24f	undefined DAT_0014a24f
.rodata	0014a254	DAT_0014a254	undefined DAT_0014a254
.rodata	0014a259	DAT_0014a259	undefined DAT_0014a259
.rodata	0014a25e	s_16G:_0014a25e	char s_16G:_0014a25e[6]
.rodata	0014a264	s_32G:_0014a264	char s_32G:_0014a264[6]
.rodata	0014a26a	s_64G:_0014a26a	char s_64G:_0014a26a[6]
.rodata	0014a270	s_128G:_0014a270	char s_128G:_0014a270[7]
.rodata	0014a277	s_256G:_0014a277	char s_256G:_0014a277[7]
.rodata	0014a27e	s_512G:_0014a27e	char s_512G:_0014a27e[7]
.rodata	0014a288	s_htop_3.3.0_-_(C)_2004-2019_Hisha_0014a288	char s_htop_3.3.0_-_(C)_2004-2019_Hisha_0014a288[73]
.rodata	0014a2d8	s_Released_under_the_GNU_GPLv2+._S_0014a2d8	char s_Released_under_the_GNU_GPLv2+._S_0014a2d8[61]
.rodata	0014a318	s_Type_and_layout_of_header_meters_0014a318	char s_Type_and_layout_of_header_meters_0014a318[71]
.rodata	0014a360	s_In_monochrome,_meters_display_as_0014a360	char s_In_monochrome,_meters_display_as_0014a360[69]
.rodata	0014a3a8	s_-_Tree_view_is_always_sorted_by_P_0014a3a8	char s_-_Tree_view_is_always_sorted_by_P_0014a3a8[54]
.rodata	0014a3e0	s_-_Tree_view_is_collapsed_by_defa_0014a3e0	char s_-_Tree_view_is_collapsed_by_defa_0014a3e0[36]
.rodata	0014a408	s_Hide_processes_running_in_contai_0014a408	char s_Hide_processes_running_in_contai_0014a408[37]
.rodata	0014a430	s_Display_threads_in_a_different_c_0014a430	char s_Display_threads_in_a_different_c_0014a430[37]
.rodata	0014a458	s_Highlight_out-dated/removed_prog_0014a458	char s_Highlight_out-dated/removed_prog_0014a458[64]
.rodata	0014a498	s_Shadow_distribution_path_prefixe_0014a498	char s_Shadow_distribution_path_prefixe_0014a498[34]
.rodata	0014a4c0	s_Merge_exe,_comm_and_cmdline_in_C_0014a4c0	char s_Merge_exe,_comm_and_cmdline_in_C_0014a4c0[39]
.rodata	0014a4e8	s_-_Try_to_find_comm_in_cmdline_(w_0014a4e8	char s_-_Try_to_find_comm_in_cmdline_(w_0014a4e8[55]
.rodata	0014a520	s_-_Try_to_strip_exe_from_cmdline_(_0014a520	char s_-_Try_to_strip_exe_from_cmdline_(_0014a520[57]
.rodata	0014a560	s_Highlight_large_numbers_in_memor_0014a560	char s_Highlight_large_numbers_in_memor_0014a560[43]
.rodata	0014a590	s_Detailed_CPU_time_(System/IO-Wai_0014a590	char s_Detailed_CPU_time_(System/IO-Wai_0014a590[65]
.rodata	0014a5d8	s_Count_CPUs_from_1_instead_of_0_0014a5d8	char s_Count_CPUs_from_1_instead_of_0_0014a5d8[31]
.rodata	0014a5f8	s_Update_process_names_on_every_re_0014a5f8	char s_Update_process_names_on_every_re_0014a5f8[38]
.rodata	0014a620	s_Add_guest_time_in_CPU_meter_perc_0014a620	char s_Add_guest_time_in_CPU_meter_perc_0014a620[39]
.rodata	0014a648	s_Also_show_CPU_percentage_numeric_0014a648	char s_Also_show_CPU_percentage_numeric_0014a648[37]
.rodata	0014a670	s_Also_show_CPU_temperature_(requi_0014a670	char s_Also_show_CPU_temperature_(requi_0014a670[48]
.rodata	0014a6a0	s_-_Show_temperature_in_degree_Fah_0014a6a0	char s_-_Show_temperature_in_degree_Fah_0014a6a0[59]
.rodata	0014a6e0	s_Highlight_new_and_old_processes_0014a6e0	char s_Highlight_new_and_old_processes_0014a6e0[32]
.rodata	0014a700	s_Hide_main_function_bar_(0_-_off,_0014a700	char s_Hide_main_function_bar_(0_-_off,_0014a700[79]
.rodata	0014a750	s_FATAL_PROGRAM_ERROR_DETECTED_===_0014a750	char s_FATAL_PROGRAM_ERROR_DETECTED_===_0014a750[424]
.rodata	0014a8f8	s_-_Backtrace_of_the_issue_(see_be_0014a8f8	char s_-_Backtrace_of_the_issue_(see_be_0014a8f8[40]
.rodata	0014a920	s_Error_information:_-------------_0014a920	char s_Error_information:_-------------_0014a920[71]
.rodata	0014a968	s_Setting_information:_-----------_0014a968	char s_Setting_information:_-----------_0014a968[43]
.rodata	0014a998	s_Backtrace_information:_---------_0014a998	char s_Backtrace_information:_---------_0014a998[47]
.rodata	0014a9c8	s_To_make_the_above_information_mo_0014a9c8	char s_To_make_the_above_information_mo_0014a9c8[174]
.rodata	0014aa78	s_objdump_-d_-S_-w_`which_%s`_>_~/_0014aa78	char s_objdump_-d_-S_-w_`which_%s`_>_~/_0014aa78[47]
.rodata	0014aaa8	s_Please_include_the_generated_fil_0014aaa8	char s_Please_include_the_generated_fil_0014aaa8[52]
.rodata	0014aae0	s_Running_this_program_with_debug_s_0014aae0	char s_Running_this_program_with_debug_s_0014aae0[131]
.rodata	0014ab68	s_!!!_Chained_handler_could_not_be_0014ab68	char s_!!!_Chained_handler_could_not_be_0014ab68[58]
.rodata	0014aba8	s_!!!_Chained_handler_did_not_exit_0014aba8	char s_!!!_Chained_handler_did_not_exit_0014aba8[49]
.rodata	0014abe0	s_%s_3.3.0_(C)_2004-2019_Hisham_Mu_0014abe0	char s_%s_3.3.0_(C)_2004-2019_Hisham_Mu_0014abe0[448]
.rodata	0014ada0	s_-M_--no-mouse_Disable_the_mouse_0014ada0	char s_-M_--no-mouse_Disable_the_mouse_0014ada0[51]
.rodata	0014add8	s_-n_--max-iterations=NUMBER_Exit_h_0014add8	char s_-n_--max-iterations=NUMBER_Exit_h_0014add8[587]
.rodata	0014b028	s_Press_F1_inside_%s_for_online_he_0014b028	char s_Press_F1_inside_%s_for_online_he_0014b028[73]
.rodata	0014b078	s_Error:_invalid_delay_value_"%s"._0014b078	char s_Error:_invalid_delay_value_"%s"._0014b078[34]
.rodata	0014b0a0	s_Error:_maximum_iteration_count_m_0014b0a0	char s_Error:_maximum_iteration_count_m_0014b0a0[50]
.rodata	0014b0d8	s_Error:_invalid_maximum_iteration_0014b0d8	char s_Error:_invalid_maximum_iteration_0014b0d8[46]
.rodata	0014b108	s_Error:_invalid_highlight_delay_v_0014b108	char s_Error:_invalid_highlight_delay_v_0014b108[44]
.rodata	0014b138	s_Error:_unsupported_non-option_AR_0014b138	char s_Error:_unsupported_non-option_AR_0014b138[45]
.rodata	0014b168	s_Error:_could_not_read_procfs_(co_0014b168	char s_Error:_could_not_read_procfs_(co_0014b168[56]
.rodata	0014b1a0	s_Can_not_save_configuration_to_%s_0014b1a0	char s_Can_not_save_configuration_to_%s_0014b1a0[38]
.rodata	0014b1c8	s_Environment_of_process_%d_-_%s_0014b1c8	char s_Environment_of_process_%d_-_%s_0014b1c8[31]
.rodata	0014b1e8	s_Could_not_read_process_environme_0014b1e8	char s_Could_not_read_process_environme_0014b1e8[36]
.rodata	0014b210	s_ZFS_CARC:_Compressed_ARC_statist_0014b210	char s_ZFS_CARC:_Compressed_ARC_statist_0014b210[36]
.rodata	0014b238	s_Systemd_system_state_and_unit_ov_0014b238	char s_Systemd_system_state_and_unit_ov_0014b238[39]
.rodata	0014b260	s_Systemd_user_state_and_unit_over_0014b260	char s_Systemd_user_state_and_unit_over_0014b260[37]
.rodata	0014b288	s_Pressure_Stall_Information,_some_0014b288	char s_Pressure_Stall_Information,_some_0014b288[37]
.rodata	0014b2b0	s_Pressure_Stall_Information,_some_0014b2b0	char s_Pressure_Stall_Information,_some_0014b2b0[36]
.rodata	0014b2d8	s_Pressure_Stall_Information,_full_0014b2d8	char s_Pressure_Stall_Information,_full_0014b2d8[36]
.rodata	0014b300	s_Pressure_Stall_Information,_full_0014b300	char s_Pressure_Stall_Information,_full_0014b300[37]
.rodata	0014b328	s_Pressure_Stall_Information,_some_0014b328	char s_Pressure_Stall_Information,_some_0014b328[40]
.rodata	0014b350	s_Pressure_Stall_Information,_full_0014b350	char s_Pressure_Stall_Information,_full_0014b350[40]
.rodata	0014b378	s_Combined_memory_and_swap_usage_0014b378	char s_Combined_memory_and_swap_usage_0014b378[31]
.rodata	0014b398	s_Load_averages:_1_minute,_5_minut_0014b398	char s_Load_averages:_1_minute,_5_minut_0014b398[47]
.rodata	0014b3c8	s_Load:_average_of_ready_processes_0014b3c8	char s_Load:_average_of_ready_processes_0014b3c8[52]
.rodata	0014b400	s_Number_of_allocated/available_fi_0014b400	char s_Number_of_allocated/available_fi_0014b400[47]
.rodata	0014b430	s_CPUs_(1&2/2):_all_CPUs_in_2_shor_0014b430	char s_CPUs_(1&2/2):_all_CPUs_in_2_shor_0014b430[44]
.rodata	0014b460	s_CPUs_(1/2):_first_half_of_list_0014b460	char s_CPUs_(1/2):_first_half_of_list_0014b460[31]
.rodata	0014b480	s_CPUs_(2/2):_second_half_of_list_0014b480	char s_CPUs_(2/2):_second_half_of_list_0014b480[32]
.rodata	0014b4a0	s_CPUs_(1&2/4):_first_half_in_2_sh_0014b4a0	char s_CPUs_(1&2/4):_first_half_in_2_sh_0014b4a0[46]
.rodata	0014b4d0	s_CPUs_(3&4/4):_second_half_in_2_s_0014b4d0	char s_CPUs_(3&4/4):_second_half_in_2_s_0014b4d0[47]
.rodata	0014b500	s_CPUs_(1&2&3&4/4):_all_CPUs_in_4_s_0014b500	char s_CPUs_(1&2&3&4/4):_all_CPUs_in_4_s_0014b500[48]
.rodata	0014b530	s_CPUs_(1-4/8):_first_half_in_4_sh_0014b530	char s_CPUs_(1-4/8):_first_half_in_4_sh_0014b530[46]
.rodata	0014b560	s_CPUs_(5-8/8):_second_half_in_4_s_0014b560	char s_CPUs_(5-8/8):_second_half_in_4_s_0014b560[47]
.rodata	0014b590	s_CPUs_(1-8/8):_all_CPUs_in_8_shor_0014b590	char s_CPUs_(1-8/8):_all_CPUs_in_8_shor_0014b590[44]
.rodata	0014b5c0	s_CPUs_(1-8/16):_first_half_in_8_s_0014b5c0	char s_CPUs_(1-8/16):_first_half_in_8_s_0014b5c0[47]
.rodata	0014b5f0	s_CPUs_(9-16/16):_second_half_in_8_0014b5f0	char s_CPUs_(9-16/16):_second_half_in_8_0014b5f0[49]
.rodata	0014b628	s_wrap_process_command_in_multiple_0014b628	char s_wrap_process_command_in_multiple_0014b628[39]
.rodata	0014b650	s_show_processes_of_a_single_user_0014b650	char s_show_processes_of_a_single_user_0014b650[32]
.rodata	0014b670	s_hide/show_user_process_threads_0014b670	char s_hide/show_user_process_threads_0014b670[31]
.rodata	0014b690	s_hide/show_processes_in_container_0014b690	char s_hide/show_processes_in_container_0014b690[34]
.rodata	0014b6b8	s_expand/collapse_tree/toggle_all_0014b6b8	char s_expand/collapse_tree/toggle_all_0014b6b8[32]
.rodata	0014b6d8	s_sort_by_PID,_CPU%,_MEM%_or_TIME_0014b6d8	char s_sort_by_PID,_CPU%,_MEM%_or_TIME_0014b6d8[32]
.rodata	0014b6f8	s_Process_state_(S_sleeping,_R_run_0014b6f8	char s_Process_state_(S_sleeping,_R_run_0014b6f8[84]
.rodata	0014b750	s_Process_ID_of_the_fg_process_gro_0014b750	char s_Process_ID_of_the_fg_process_gro_0014b750[63]
.rodata	0014b790	s_Number_of_minor_faults_which_hav_0014b790	char s_Number_of_minor_faults_which_hav_0014b790[79]
.rodata	0014b7e0	s_Children_processes'_minor_faults_0014b7e0	char s_Children_processes'_minor_faults_0014b7e0[33]
.rodata	0014b808	s_Number_of_major_faults_which_hav_0014b808	char s_Number_of_major_faults_which_hav_0014b808[75]
.rodata	0014b858	s_Children_processes'_major_faults_0014b858	char s_Children_processes'_major_faults_0014b858[33]
.rodata	0014b880	s_User_CPU_time_-_time_the_process_0014b880	char s_User_CPU_time_-_time_the_process_0014b880[62]
.rodata	0014b8c0	s_System_CPU_time_-_time_the_kerne_0014b8c0	char s_System_CPU_time_-_time_the_kerne_0014b8c0[78]
.rodata	0014b910	s_Children_processes'_user_CPU_tim_0014b910	char s_Children_processes'_user_CPU_tim_0014b910[34]
.rodata	0014b938	s_Children_processes'_system_CPU_t_0014b938	char s_Children_processes'_system_CPU_t_0014b938[36]
.rodata	0014b960	s_Kernel's_internal_priority_for_t_0014b960	char s_Kernel's_internal_priority_for_t_0014b960[43]
.rodata	0014b990	s_Nice_value_(the_higher_the_value_0014b990	char s_Nice_value_(the_higher_the_value_0014b990[82]
.rodata	0014b9e8	s_Id_of_the_CPU_the_process_last_e_0014b9e8	char s_Id_of_the_CPU_the_process_last_e_0014b9e8[43]
.rodata	0014ba18	s_Total_program_size_in_virtual_me_0014ba18	char s_Total_program_size_in_virtual_me_0014ba18[37]
.rodata	0014ba40	s_Resident_set_size,_size_of_the_t_0014ba40	char s_Resident_set_size,_size_of_the_t_0014ba40[72]
.rodata	0014ba88	s_Size_of_the_process's_shared_pag_0014ba88	char s_Size_of_the_process's_shared_pag_0014ba88[35]
.rodata	0014bab0	s_Size_of_the_.text_segment_of_the_0014bab0	char s_Size_of_the_.text_segment_of_the_0014bab0[48]
.rodata	0014bae0	s_Size_of_the_.data_segment_plus_s_0014bae0	char s_Size_of_the_.data_segment_plus_s_0014bae0[65]
.rodata	0014bb28	s_The_library_size_of_the_process_(_0014bb28	char s_The_library_size_of_the_process_(_0014bb28[62]
.rodata	0014bb68	s_Percentage_of_the_CPU_time_the_p_0014bb68	char s_Percentage_of_the_CPU_time_the_p_0014bb68[65]
.rodata	0014bbb0	s_Percentage_of_the_memory_the_pro_0014bbb0	char s_Percentage_of_the_memory_the_pro_0014bbb0[77]
.rodata	0014bc00	s_Username_of_the_process_owner_(o_0014bc00	char s_Username_of_the_process_owner_(o_0014bc00[72]
.rodata	0014bc48	s_Total_time_the_process_has_spent_0014bc48	char s_Total_time_the_process_has_spent_0014bc48[57]
.rodata	0014bc88	s_Number_of_threads_in_the_process_0014bc88	char s_Number_of_threads_in_the_process_0014bc88[33]
.rodata	0014bcb0	s_Thread_group_ID_(i.e._process_ID_0014bcb0	char s_Thread_group_ID_(i.e._process_ID_0014bcb0[34]
.rodata	0014bcd8	s_Normalized_percentage_of_the_CPU_0014bcd8	char s_Normalized_percentage_of_the_CPU_0014bcd8[102]
.rodata	0014bd40	s_Time_since_the_process_was_start_0014bd40	char s_Time_since_the_process_was_start_0014bd40[35]
.rodata	0014bd68	s_Current_scheduling_policy_of_the_0014bd68	char s_Current_scheduling_policy_of_the_0014bd68[41]
.rodata	0014bd98	s_OpenVZ_container_ID_(a.k.a._virt_0014bd98	char s_OpenVZ_container_ID_(a.k.a._virt_0014bd98[52]
.rodata	0014bdd0	s_Number_of_bytes_the_process_has_r_0014bdd0	char s_Number_of_bytes_the_process_has_r_0014bdd0[37]
.rodata	0014bdf8	s_Number_of_bytes_the_process_has_w_0014bdf8	char s_Number_of_bytes_the_process_has_w_0014bdf8[40]
.rodata	0014be20	s_Number_of_read(2)_syscalls_for_t_0014be20	char s_Number_of_read(2)_syscalls_for_t_0014be20[43]
.rodata	0014be50	s_Number_of_write(2)_syscalls_for_t_0014be50	char s_Number_of_write(2)_syscalls_for_t_0014be50[44]
.rodata	0014be80	s_Bytes_of_read(2)_I/O_for_the_pro_0014be80	char s_Bytes_of_read(2)_I/O_for_the_pro_0014be80[37]
.rodata	0014bea8	s_Bytes_of_write(2)_I/O_for_the_pr_0014bea8	char s_Bytes_of_write(2)_I/O_for_the_pr_0014bea8[38]
.rodata	0014bed0	s_Bytes_of_cancelled_write(2)_I/O_0014bed0	char s_Bytes_of_cancelled_write(2)_I/O_0014bed0[32]
.rodata	0014bef0	s_The_I/O_rate_of_read(2)_in_bytes_0014bef0	char s_The_I/O_rate_of_read(2)_in_bytes_0014bef0[60]
.rodata	0014bf30	s_The_I/O_rate_of_write(2)_in_byte_0014bf30	char s_The_I/O_rate_of_write(2)_in_byte_0014bf30[61]
.rodata	0014bf70	s_Total_I/O_rate_in_bytes_per_seco_0014bf70	char s_Total_I/O_rate_in_bytes_per_seco_0014bf70[35]
.rodata	0014bf98	s_Which_cgroup_the_process_is_in_0014bf98	char s_Which_cgroup_the_process_is_in_0014bf98[31]
.rodata	0014bfb8	s_OOM_(Out-of-Memory)_killer_score_0014bfb8	char s_OOM_(Out-of-Memory)_killer_score_0014bfb8[33]
.rodata	0014bfe0	s_proportional_set_size,_same_as_M_0014bfe0	char s_proportional_set_size,_same_as_M_0014bfe0[105]
.rodata	0014c050	s_Size_of_the_process's_swapped_pa_0014c050	char s_Size_of_the_process's_swapped_pa_0014c050[36]
.rodata	0014c078	s_shows_proportional_swap_share_of_0014c078	char s_shows_proportional_swap_share_of_0014c078[139]
.rodata	0014c108	s_Context_switches_(incremental_su_0014c108	char s_Context_switches_(incremental_su_0014c108[93]
.rodata	0014c168	s_Security_attribute_of_the_proces_0014c168	char s_Security_attribute_of_the_proces_0014c168[61]
.rodata	0014c1a8	s_comm_string_of_the_process_from_/_0014c1a8	char s_comm_string_of_the_process_from_/_0014c1a8[49]
.rodata	0014c1e0	s_Basename_of_exe_of_the_process_f_0014c1e0	char s_Basename_of_exe_of_the_process_f_0014c1e0[52]
.rodata	0014c218	s_The_current_working_directory_of_0014c218	char s_The_current_working_directory_of_0014c218[45]
.rodata	0014c248	s_The_autogroup_identifier_of_the_p_0014c248	char s_The_autogroup_identifier_of_the_p_0014c248[40]
.rodata	0014c270	s_Nice_value_(the_higher_the_value_0014c270	char s_Nice_value_(the_higher_the_value_0014c270[112]
.rodata	0014c2e0	s_Which_cgroup_the_process_is_in_(_0014c2e0	char s_Which_cgroup_the_process_is_in_(_0014c2e0[57]
.rodata	0014c320	s_Name_of_the_container_the_proces_0014c320	char s_Name_of_the_container_the_proces_0014c320[64]
.rodata	0014c360	s_The_private_memory_size_of_the_p_0014c360	char s_The_private_memory_size_of_the_p_0014c360[79]
.rodata	0014c3b0	s_/proc/sys/kernel/sched_autogroup_0014c3b0	char s_/proc/sys/kernel/sched_autogroup_0014c3b0[41]
.rodata	0014c3e0	s_FD_TYPE_MODE_DEVICE_SIZE_OFFSET_N_0014c3e0	char s_FD_TYPE_MODE_DEVICE_SIZE_OFFSET_N_0014c3e0[69]
.rodata	0014c428	s_FD_TYPE_EXCLUSION_READ/WRITE_DEV_0014c428	char s_FD_TYPE_EXCLUSION_READ/WRITE_DEV_0014c428[107]
.rodata	0014c498	s_Snapshot_of_files_open_in_proces_0014c498	char s_Snapshot_of_files_open_in_proces_0014c498[42]
.rodata	0014c4c8	s_Snapshot_of_file_locks_of_proces_0014c4c8	char s_Snapshot_of_file_locks_of_proces_0014c4c8[42]
.rodata	0014c4f8	s_rx:%siB/s_tx:%siB/s_%u/%upkts/s_0014c4f8	char s_rx:%siB/s_tx:%siB/s_%u/%upkts/s_0014c4f8[32]
.rodata	0014c518	s_Could_not_execute_'lsof'._Please_0014c518	char s_Could_not_execute_'lsof'._Please_0014c518[74]
.rodata	0014c568	s_%5.5s_%-7.7s_%-4.4s_%6.6s_%*s_%*_0014c568	char s_%5.5s_%-7.7s_%-4.4s_%6.6s_%*s_%*_0014c568[42]
.rodata	0014c598	s_This_feature_is_not_supported_on_0014c598	char s_This_feature_is_not_supported_on_0014c598[48]
.rodata	0014c5c8	s_Could_not_determine_file_locks._0014c5c8	char s_Could_not_determine_file_locks._0014c5c8[32]
.rodata	0014c5e8	s_No_locks_have_been_found_for_the_0014c5e8	char s_No_locks_have_been_found_for_the_0014c5e8[51]
.rodata	0014c620	s_%5d_%-10s_%-10s_%-10s_%#6lx_%10l_0014c620	char s_%5d_%-10s_%-10s_%-10s_%#6lx_%10l_0014c620[49]
.rodata	0014c658	s_%5d_%-10s_%-10s_%-10s_%#6lx_%10l_0014c658	char s_%5d_%-10s_%-10s_%-10s_%#6lx_%10l_0014c658[50]
.rodata	0014c690	s__0014c690	char s__0014c690[42]
.rodata	0014c6c0	s_Could_not_execute_'strace'._Plea_0014c6c0	char s_Could_not_execute_'strace'._Plea_0014c6c0[76]
.rodata	0014c710	s_#_Beware!_This_file_is_rewritten_0014c710	char s_#_Beware!_This_file_is_rewritten_0014c710[86]
.rodata	0014c768	s_#_The_parser_is_also_very_primit_0014c768	char s_#_The_parser_is_also_very_primit_0014c768[62]
.rodata	0014c7a8	s_config_reader_min_version=%d%c_0014c7a8	char s_config_reader_min_version=%d%c_0014c7a8[31]
.rodata	0014c7c8	s_hide_running_in_container=%d%c_0014c7c8	char s_hide_running_in_container=%d%c_0014c7c8[31]
.rodata	0014c7e8	s_shadow_distribution_path_prefix=_0014c7e8	char s_shadow_distribution_path_prefix=_0014c7e8[37]
.rodata	0014c810	s_highlight_changes_delay_secs=%d%_0014c810	char s_highlight_changes_delay_secs=%d%_0014c810[34]
.rodata	0014c838	s_account_guest_in_cpu_meter=%d%c_0014c838	char s_account_guest_in_cpu_meter=%d%c_0014c838[32]
.rodata	0014c858	s_WARNING:_%s_specifies_configurat_0014c858	char s_WARNING:_%s_specifies_configurat_0014c858[44]
.rodata	0014c888	s_version_v%d,_but_this_%s_binary_o_0014c888	char s_version_v%d,_but_this_%s_binary_o_0014c888[75]
.rodata	0014c8d8	s_The_configuration_file_will_be_d_0014c8d8	char s_The_configuration_file_will_be_d_0014c8d8[74]
.rodata	0014c928	s_shadow_distribution_path_prefix_0014c928	char s_shadow_distribution_path_prefix_0014c928[32]
.rodata	0014c948	s_PID_USER_PRIORITY_NICE_M_VIRT_M__0014c948	char s_PID_USER_PRIORITY_NICE_M_VIRT_M__0014c948[92]
.rodata	0014c9a8	s_PID_USER_IO_PRIORITY_IO_RATE_IO__0014c9a8	char s_PID_USER_IO_PRIORITY_IO_RATE_IO__0014c9a8[100]
.rodata	0014ca10	s_nonvoluntary_ctxt_switches:_%lu_0014ca10	char s_nonvoluntary_ctxt_switches:_%lu_0014ca10[32]
.rodata	0014ca30	s_/proc/acpi/ac_adapter/AC/state_0014ca30	char s_/proc/acpi/ac_adapter/AC/state_0014ca30[31]
.rodata	0014ca50	s_%*d_%*d_%31s_%*u_%*u_%llu_%*u_%*_0014ca50	char s_%*d_%*d_%31s_%*u_%*u_%llu_%*u_%*_0014ca50[56]
.rodata	0014ca88	s_%31s_%llu_%llu_%*u_%*u_%*u_%*u_%_0014ca88	char s_%31s_%llu_%llu_%*u_%*u_%*u_%*u_%_0014ca88[49]
.rodata	0014cac0	s_some_avg10=%32lf_avg60=%32lf_avg_0014cac0	char s_some_avg10=%32lf_avg60=%32lf_avg_0014cac0[53]
.rodata	0014caf8	s_full_avg10=%32lf_avg60=%32lf_avg_0014caf8	char s_full_avg10=%32lf_avg60=%32lf_avg_0014caf8[53]
.rodata	0014cb30	s_%s_%s_%5.2lf%%_%5.2lf%%_%5.2lf%%_0014cb30	char s_%s_%s_%5.2lf%%_%5.2lf%%_%5.2lf%%_0014cb30[33]
.rodata	0014cb58	s_%d:_%31s_%31s_%31s_%d_%x:%x:%lu_%_0014cb58	char s_%d:_%31s_%31s_%31s_%d_%x:%x:%lu_%_0014cb58[41]
.rodata	0014cb88	s_org.freedesktop.systemd1.Manager_0014cb88	char s_org.freedesktop.systemd1.Manager_0014cb88[33]
.rodata	0014cbb0	s_cpu_%16llu_%16llu_%16llu_%16llu_%_0014cbb0	char s_cpu_%16llu_%16llu_%16llu_%16llu_%_0014cbb0[75]
.rodata	0014cc00	s_cpu%4u_%16llu_%16llu_%16llu_%16l_0014cc00	char s_cpu%4u_%16llu_%16llu_%16llu_%16l_0014cc00[77]
.rodata	0014cc50	s_/sys/kernel/mm/hugepages/%s/nr_h_0014cc50	char s_/sys/kernel/mm/hugepages/%s/nr_h_0014cc50[41]
.rodata	0014cc80	s_/sys/kernel/mm/hugepages/%s/free_0014cc80	char s_/sys/kernel/mm/hugepages/%s/free_0014cc80[43]
.rodata	0014ccb0	s_/sys/devices/system/cpu/cpu%u/cp_0014ccb0	char s_/sys/devices/system/cpu/cpu%u/cp_0014ccb0[55]
.rodata	0014cce8	s_Cannot_get_pagesize_by_sysconf(__0014cce8	char s_Cannot_get_pagesize_by_sysconf(__0014cce8[45]
.rodata	0014cd18	s_Cannot_get_clock_ticks_by_syscon_0014cd18	char s_Cannot_get_clock_ticks_by_syscon_0014cd18[47]
.rodata	0014cd48	s_Failed_to_parse_btime_from_/proc_0014cd48	char s_Failed_to_parse_btime_from_/proc_0014cd48[38]
.rodata	0014cd80	switchdataD_0014cd80	uint switchdataD_0014cd80
.rodata	0014cd84	L_0014cd84	uint L_0014cd84
.rodata	0014cd88	L_0014cd88	uint L_0014cd88
.rodata	0014cd8c	L_0014cd8c	uint L_0014cd8c
.rodata	0014cd90	L_0014cd90	uint L_0014cd90
.rodata	0014cd94	L_0014cd94	uint L_0014cd94
.rodata	0014cd98	L_0014cd98	uint L_0014cd98
.rodata	0014cd9c	L_0014cd9c	uint L_0014cd9c
.rodata	0014cda0	L_0014cda0	uint L_0014cda0
.rodata	0014cda4	L_0014cda4	uint L_0014cda4
.rodata	0014cda8	L_0014cda8	uint L_0014cda8
.rodata	0014cdac	L_0014cdac	uint L_0014cdac
.rodata	0014cdb0	L_0014cdb0	uint L_0014cdb0
.rodata	0014cdb4	L_0014cdb4	uint L_0014cdb4
.rodata	0014cdb8	L_0014cdb8	uint L_0014cdb8
.rodata	0014cdbc	L_0014cdbc	uint L_0014cdbc
.rodata	0014cdc0	L_0014cdc0	uint L_0014cdc0
.rodata	0014cdc4	L_0014cdc4	uint L_0014cdc4
.rodata	0014cdc8	L_0014cdc8	uint L_0014cdc8
.rodata	0014cdcc	L_0014cdcc	uint L_0014cdcc
.rodata	0014cdd0	L_0014cdd0	uint L_0014cdd0
.rodata	0014cdd4	L_0014cdd4	uint L_0014cdd4
.rodata	0014cdd8	L_0014cdd8	uint L_0014cdd8
.rodata	0014cddc	L_0014cddc	uint L_0014cddc
.rodata	0014cde0	L_0014cde0	uint L_0014cde0
.rodata	0014cde4	L_0014cde4	uint L_0014cde4
.rodata	0014cde8	L_0014cde8	uint L_0014cde8
.rodata	0014cdec	L_0014cdec	uint L_0014cdec
.rodata	0014cdf0	L_0014cdf0	uint L_0014cdf0
.rodata	0014cdf4	L_0014cdf4	uint L_0014cdf4
.rodata	0014cdf8	L_0014cdf8	uint L_0014cdf8
.rodata	0014cdfc	L_0014cdfc	uint L_0014cdfc
.rodata	0014ce00	L_0014ce00	uint L_0014ce00
.rodata	0014ce04	L_0014ce04	uint L_0014ce04
.rodata	0014ce08	L_0014ce08	uint L_0014ce08
.rodata	0014ce0c	L_0014ce0c	uint L_0014ce0c
.rodata	0014ce10	L_0014ce10	uint L_0014ce10
.rodata	0014ce14	L_0014ce14	uint L_0014ce14
.rodata	0014ce18	L_0014ce18	uint L_0014ce18
.rodata	0014ce1c	switchdataD_0014ce1c	uint switchdataD_0014ce1c
.rodata	0014ce20	L_0014ce20	uint L_0014ce20
.rodata	0014ce24	L_0014ce24	uint L_0014ce24
.rodata	0014ce28	L_0014ce28	uint L_0014ce28
.rodata	0014ce2c	L_0014ce2c	uint L_0014ce2c
.rodata	0014ce30	L_0014ce30	uint L_0014ce30
.rodata	0014ce34	L_0014ce34	uint L_0014ce34
.rodata	0014ce38	L_0014ce38	uint L_0014ce38
.rodata	0014ce3c	L_0014ce3c	uint L_0014ce3c
.rodata	0014ce40	L_0014ce40	uint L_0014ce40
.rodata	0014ce44	L_0014ce44	uint L_0014ce44
.rodata	0014ce48	L_0014ce48	uint L_0014ce48
.rodata	0014ce4c	L_0014ce4c	uint L_0014ce4c
.rodata	0014ce50	L_0014ce50	uint L_0014ce50
.rodata	0014ce54	L_0014ce54	uint L_0014ce54
.rodata	0014ce58	L_0014ce58	uint L_0014ce58
.rodata	0014ce5c	L_0014ce5c	uint L_0014ce5c
.rodata	0014ce60	L_0014ce60	uint L_0014ce60
.rodata	0014ce64	L_0014ce64	uint L_0014ce64
.rodata	0014ce68	L_0014ce68	uint L_0014ce68
.rodata	0014ce6c	L_0014ce6c	uint L_0014ce6c
.rodata	0014ce70	L_0014ce70	uint L_0014ce70
.rodata	0014ce74	L_0014ce74	uint L_0014ce74
.rodata	0014ce78	L_0014ce78	uint L_0014ce78
.rodata	0014ce7c	L_0014ce7c	uint L_0014ce7c
.rodata	0014ce80	L_0014ce80	uint L_0014ce80
.rodata	0014ce84	L_0014ce84	uint L_0014ce84
.rodata	0014ce88	L_0014ce88	uint L_0014ce88
.rodata	0014ce8c	L_0014ce8c	uint L_0014ce8c
.rodata	0014ce90	L_0014ce90	uint L_0014ce90
.rodata	0014ce94	L_0014ce94	uint L_0014ce94
.rodata	0014ce98	L_0014ce98	uint L_0014ce98
.rodata	0014ce9c	L_0014ce9c	uint L_0014ce9c
.rodata	0014cea0	L_0014cea0	uint L_0014cea0
.rodata	0014cea4	L_0014cea4	uint L_0014cea4
.rodata	0014cea8	L_0014cea8	uint L_0014cea8
.rodata	0014ceac	L_0014ceac	uint L_0014ceac
.rodata	0014ceb0	L_0014ceb0	uint L_0014ceb0
.rodata	0014ceb4	L_0014ceb4	uint L_0014ceb4
.rodata	0014ceb8	L_0014ceb8	uint L_0014ceb8
.rodata	0014cebc	L_0014cebc	uint L_0014cebc
.rodata	0014cec0	L_0014cec0	uint L_0014cec0
.rodata	0014cec4	L_0014cec4	uint L_0014cec4
.rodata	0014cec8	L_0014cec8	uint L_0014cec8
.rodata	0014cecc	L_0014cecc	uint L_0014cecc
.rodata	0014ced0	L_0014ced0	uint L_0014ced0
.rodata	0014ced4	L_0014ced4	uint L_0014ced4
.rodata	0014ced8	L_0014ced8	uint L_0014ced8
.rodata	0014cedc	L_0014cedc	uint L_0014cedc
.rodata	0014cee0	L_0014cee0	uint L_0014cee0
.rodata	0014cee4	L_0014cee4	uint L_0014cee4
.rodata	0014cee8	L_0014cee8	uint L_0014cee8
.rodata	0014ceec	L_0014ceec	uint L_0014ceec
.rodata	0014cef0	L_0014cef0	uint L_0014cef0
.rodata	0014cef4	L_0014cef4	uint L_0014cef4
.rodata	0014cef8	L_0014cef8	uint L_0014cef8
.rodata	0014cefc	L_0014cefc	uint L_0014cefc
.rodata	0014cf00	L_0014cf00	uint L_0014cf00
.rodata	0014cf04	L_0014cf04	uint L_0014cf04
.rodata	0014cf08	L_0014cf08	uint L_0014cf08
.rodata	0014cf0c	L_0014cf0c	uint L_0014cf0c
.rodata	0014cf10	L_0014cf10	uint L_0014cf10
.rodata	0014cf14	switchdataD_0014cf14	uint switchdataD_0014cf14
.rodata	0014cf18	L_0014cf18	uint L_0014cf18
.rodata	0014cf1c	L_0014cf1c	uint L_0014cf1c
.rodata	0014cf20	L_0014cf20	uint L_0014cf20
.rodata	0014cf24	L_0014cf24	uint L_0014cf24
.rodata	0014cf28	L_0014cf28	uint L_0014cf28
.rodata	0014cf2c	L_0014cf2c	uint L_0014cf2c
.rodata	0014cf30	L_0014cf30	uint L_0014cf30
.rodata	0014cf34	L_0014cf34	uint L_0014cf34
.rodata	0014cf38	L_0014cf38	uint L_0014cf38
.rodata	0014cf3c	L_0014cf3c	uint L_0014cf3c
.rodata	0014cf40	L_0014cf40	uint L_0014cf40
.rodata	0014cf44	L_0014cf44	uint L_0014cf44
.rodata	0014cf48	L_0014cf48	uint L_0014cf48
.rodata	0014cf4c	L_0014cf4c	uint L_0014cf4c
.rodata	0014cf50	L_0014cf50	uint L_0014cf50
.rodata	0014cf54	L_0014cf54	uint L_0014cf54
.rodata	0014cf58	L_0014cf58	uint L_0014cf58
.rodata	0014cf5c	L_0014cf5c	uint L_0014cf5c
.rodata	0014cf60	L_0014cf60	uint L_0014cf60
.rodata	0014cf64	L_0014cf64	uint L_0014cf64
.rodata	0014cf68	L_0014cf68	uint L_0014cf68
.rodata	0014cf6c	L_0014cf6c	uint L_0014cf6c
.rodata	0014cf70	L_0014cf70	uint L_0014cf70
.rodata	0014cf74	L_0014cf74	uint L_0014cf74
.rodata	0014cf78	L_0014cf78	uint L_0014cf78
.rodata	0014cf7c	L_0014cf7c	uint L_0014cf7c
.rodata	0014cf80	L_0014cf80	uint L_0014cf80
.rodata	0014cf84	L_0014cf84	uint L_0014cf84
.rodata	0014cf88	L_0014cf88	uint L_0014cf88
.rodata	0014cf8c	L_0014cf8c	uint L_0014cf8c
.rodata	0014cf90	L_0014cf90	uint L_0014cf90
.rodata	0014cf94	L_0014cf94	uint L_0014cf94
.rodata	0014cf98	L_0014cf98	uint L_0014cf98
.rodata	0014cf9c	L_0014cf9c	uint L_0014cf9c
.rodata	0014cfa0	L_0014cfa0	uint L_0014cfa0
.rodata	0014cfa4	ZfsCompressedArcMeter_attributes	wchar_t ZfsCompressedArcMeter_attributes[1]
.rodata	0014cfb0	ZfsArcMeter_attributes	wchar_t ZfsArcMeter_attributes[5]
.rodata	0014cfc8	ZramMeter_attributes	wchar_t ZramMeter_attributes[2]
.rodata	0014cfd0	SystemdMeter_attributes	wchar_t SystemdMeter_attributes[1]
.rodata	0014cfd4	SELinuxMeter_attributes	wchar_t SELinuxMeter_attributes[1]
.rodata	0014cfd8	PressureStallMeter_attributes	wchar_t PressureStallMeter_attributes[3]
.rodata	0014cff0	HugePageMeter_attributes	wchar_t HugePageMeter_attributes[4]
.rodata	0014d000	UptimeMeter_attributes	wchar_t UptimeMeter_attributes[1]
.rodata	0014d010	TasksMeter_attributes	wchar_t TasksMeter_attributes[4]
.rodata	0014d020	SysArchMeter_attributes	wchar_t SysArchMeter_attributes[1]
.rodata	0014d028	SwapMeter_attributes	wchar_t SwapMeter_attributes[3]
.rodata	0014d038	NetworkIOMeter_attributes	wchar_t NetworkIOMeter_attributes[2]
.rodata	0014d040	MemoryMeter_attributes	wchar_t MemoryMeter_attributes[5]
.rodata	0014d058	LoadAverageMeter_attributes	wchar_t LoadAverageMeter_attributes[3]
.rodata	0014d064	LoadMeter_attributes	wchar_t LoadMeter_attributes[1]
.rodata	0014d068	HostnameMeter_attributes	wchar_t HostnameMeter_attributes[1]
.rodata	0014d070	FileDescriptorMeter_attributes	wchar_t FileDescriptorMeter_attributes[2]
.rodata	0014d080	DynamicMeter_attributes	wchar_t DynamicMeter_attributes[9]
.rodata	0014d0a8	DiskIOMeter_attributes	wchar_t DiskIOMeter_attributes[3]
.rodata	0014d0b4	DateTimeMeter_attributes	wchar_t DateTimeMeter_attributes[1]
.rodata	0014d0b8	DateMeter_attributes	wchar_t DateMeter_attributes[1]
.rodata	0014d0c0	CPUMeter_attributes	wchar_t CPUMeter_attributes[8]
.rodata	0014d0e0	ClockMeter_attributes	wchar_t ClockMeter_attributes[1]
.rodata	0014d0e4	BatteryMeter_attributes	wchar_t BatteryMeter_attributes[1]
.rodata	0014d0e8	BlankMeter_attributes	wchar_t BlankMeter_attributes[1]
.rodata	0014d100	Object_class	ObjectClass Object_class
.rodata	0014d120	OEISprimes	uint64_t OEISprimes[35]
.rodata	0014d128	OEISprimes[1]	
.rodata	0014d238	DAT_0014d238	undefined DAT_0014d238
.rodata	0014d240	AffinityPanelEvents	wchar_t AffinityPanelEvents[5]
.rodata	0014d258	FunctionBar_EnterEscEvents	wchar_t FunctionBar_EnterEscEvents[2]
.rodata	0014d260	DAT_0014d260	undefined8 DAT_0014d260
.rodata	0014d268	DAT_0014d268	undefined8 DAT_0014d268
.rodata	0014d270	DAT_0014d270	undefined8 DAT_0014d270
.rodata	0014d278	DAT_0014d278	undefined8 DAT_0014d278
.rodata	0014d280	DAT_0014d280	undefined8 DAT_0014d280
.rodata	0014d288	DAT_0014d288	undefined8 DAT_0014d288
.rodata	0014d290	DAT_0014d290	undefined8 DAT_0014d290
.rodata	0014d298	DAT_0014d298	undefined8 DAT_0014d298
.rodata	0014d2a0	DAT_0014d2a0	undefined8 DAT_0014d2a0
.rodata	0014d2a8	DAT_0014d2a8	undefined8 DAT_0014d2a8
.rodata	0014d2b0	DAT_0014d2b0	undefined8 DAT_0014d2b0
.rodata	0014d2b8	DAT_0014d2b8	undefined8 DAT_0014d2b8
.rodata	0014d2c0	DAT_0014d2c0	undefined8 DAT_0014d2c0
.rodata	0014d2c8	DAT_0014d2c8	undefined8 DAT_0014d2c8
.rodata	0014d2cc	DAT_0014d2c8+4	
.rodata	0014d2d0	DAT_0014d2d0	undefined8 DAT_0014d2d0
.rodata	0014d2d8	DAT_0014d2d8	undefined8 DAT_0014d2d8
.rodata	0014d2e0	DAT_0014d2e0	undefined8 DAT_0014d2e0
.rodata	0014d2e8	DAT_0014d2e8	undefined8 DAT_0014d2e8
.rodata	0014d2f0	DAT_0014d2f0	undefined8 DAT_0014d2f0
.rodata	0014d2f8	DAT_0014d2f8	undefined8 DAT_0014d2f8
.rodata	0014d300	DAT_0014d300	undefined8 DAT_0014d300
.rodata	0014d308	DAT_0014d308	undefined8 DAT_0014d308
.rodata	0014d310	DAT_0014d310	undefined8 DAT_0014d310
.rodata	0014d318	DAT_0014d318	undefined8 DAT_0014d318
.rodata	0014d320	DAT_0014d320	undefined8 DAT_0014d320
.rodata	0014d328	DAT_0014d328	undefined8 DAT_0014d328
.rodata	0014d330	DAT_0014d330	undefined8 DAT_0014d330
.rodata	0014d338	DAT_0014d338	undefined8 DAT_0014d338
.rodata	0014d340	DAT_0014d340	undefined8 DAT_0014d340
.rodata	0014d348	DAT_0014d348	undefined8 DAT_0014d348
.rodata	0014d350	DAT_0014d350	undefined8 DAT_0014d350
.rodata	0014d358	DAT_0014d358	undefined8 DAT_0014d358
.rodata	0014d360	DAT_0014d360	undefined8 DAT_0014d360
.rodata	0014d368	DAT_0014d368	undefined8 DAT_0014d368
.rodata	0014d370	DAT_0014d370	undefined4 DAT_0014d370
.rodata	0014d378	DAT_0014d378	undefined8 DAT_0014d378
.rodata	0014d380	DAT_0014d380	undefined8 DAT_0014d380
.rodata	0014d388	DAT_0014d388	undefined8 DAT_0014d388
.rodata	0014d390	DAT_0014d390	undefined8 DAT_0014d390
.rodata	0014d3a0	DAT_0014d3a0	undefined8 DAT_0014d3a0
.rodata	0014d3b0	DAT_0014d3b0	undefined DAT_0014d3b0
.rodata	0014d3c0	DAT_0014d3c0	undefined DAT_0014d3c0
.rodata	0014d3d0	s_For_current_scre_0014d3d0	char s_For_current_scre_0014d3d0[20]
.rodata	0014d3e0	s__0014d3d0+0x10	
.rodata	0014d3e8	DAT_0014d3e8	undefined8 DAT_0014d3e8
.rodata	0014d3f0	DAT_0014d3f0	undefined DAT_0014d3f0
.rodata	0014d400	DAT_0014d400	undefined DAT_0014d400
.rodata	0014d410	DAT_0014d410	undefined DAT_0014d410
.rodata	0014d420	DAT_0014d420	undefined DAT_0014d420
.rodata	0014d430	DAT_0014d430	undefined DAT_0014d430
.rodata	0014d438	DAT_0014d438	undefined8 DAT_0014d438
.rodata	0014d440	switchdataD_0014d440	uint switchdataD_0014d440
.rodata	0014d444	L_0014d444	uint L_0014d444
.rodata	0014d448	L_0014d448	uint L_0014d448
.rodata	0014d44c	L_0014d44c	uint L_0014d44c
.rodata	0014d450	L_0014d450	uint L_0014d450
.rodata	0014d454	L_0014d454	uint L_0014d454
.rodata	0014d458	L_0014d458	uint L_0014d458
.rodata	0014d45c	L_0014d45c	uint L_0014d45c
.rodata	0014d460	L_0014d460	uint L_0014d460
.rodata	0014d464	L_0014d464	uint L_0014d464
.rodata	0014d468	L_0014d468	uint L_0014d468
.rodata	0014d46c	L_0014d46c	uint L_0014d46c
.rodata	0014d470	L_0014d470	uint L_0014d470
.rodata	0014d474	L_0014d474	uint L_0014d474
.rodata	0014d478	L_0014d478	uint L_0014d478
.rodata	0014d47c	L_0014d47c	uint L_0014d47c
.rodata	0014d480	L_0014d480	uint L_0014d480
.rodata	0014d484	L_0014d484	uint L_0014d484
.rodata	0014d488	L_0014d488	uint L_0014d488
.rodata	0014d48c	L_0014d48c	uint L_0014d48c
.rodata	0014d490	L_0014d490	uint L_0014d490
.rodata	0014d494	L_0014d494	uint L_0014d494
.rodata	0014d498	L_0014d498	uint L_0014d498
.rodata	0014d49c	L_0014d49c	uint L_0014d49c
.rodata	0014d4a0	L_0014d4a0	uint L_0014d4a0
.rodata	0014d4a4	L_0014d4a4	uint L_0014d4a4
.rodata	0014d4a8	L_0014d4a8	uint L_0014d4a8
.rodata	0014d4ac	L_0014d4ac	uint L_0014d4ac
.rodata	0014d4b0	L_0014d4b0	uint L_0014d4b0
.rodata	0014d4b4	L_0014d4b4	uint L_0014d4b4
.rodata	0014d4b8	L_0014d4b8	uint L_0014d4b8
.rodata	0014d4bc	L_0014d4bc	uint L_0014d4bc
.rodata	0014d4c0	L_0014d4c0	uint L_0014d4c0
.rodata	0014d4c4	L_0014d4c4	uint L_0014d4c4
.rodata	0014d4c8	L_0014d4c8	uint L_0014d4c8
.rodata	0014d4cc	L_0014d4cc	uint L_0014d4cc
.rodata	0014d4d0	L_0014d4d0	uint L_0014d4d0
.rodata	0014d4d4	L_0014d4d4	uint L_0014d4d4
.rodata	0014d4d8	DAT_0014d4d8	undefined DAT_0014d4d8
.rodata	0014d4dc	switchdataD_0014d4dc	uint switchdataD_0014d4dc
.rodata	0014d4e0	L_0014d4e0	uint L_0014d4e0
.rodata	0014d4e4	L_0014d4e4	uint L_0014d4e4
.rodata	0014d4e8	L_0014d4e8	uint L_0014d4e8
.rodata	0014d4ec	L_0014d4ec	uint L_0014d4ec
.rodata	0014d4f0	L_0014d4f0	uint L_0014d4f0
.rodata	0014d4f4	L_0014d4f4	uint L_0014d4f4
.rodata	0014d4f8	L_0014d4f8	uint L_0014d4f8
.rodata	0014d4fc	L_0014d4fc	uint L_0014d4fc
.rodata	0014d500	L_0014d500	uint L_0014d500
.rodata	0014d504	L_0014d504	uint L_0014d504
.rodata	0014d508	L_0014d508	uint L_0014d508
.rodata	0014d50c	L_0014d50c	uint L_0014d50c
.rodata	0014d510	L_0014d510	uint L_0014d510
.rodata	0014d514	L_0014d514	uint L_0014d514
.rodata	0014d518	L_0014d518	uint L_0014d518
.rodata	0014d51c	L_0014d51c	uint L_0014d51c
.rodata	0014d520	L_0014d520	uint L_0014d520
.rodata	0014d524	L_0014d524	uint L_0014d524
.rodata	0014d528	L_0014d528	uint L_0014d528
.rodata	0014d52c	L_0014d52c	uint L_0014d52c
.rodata	0014d530	L_0014d530	uint L_0014d530
.rodata	0014d534	L_0014d534	uint L_0014d534
.rodata	0014d538	L_0014d538	uint L_0014d538
.rodata	0014d53c	L_0014d53c	uint L_0014d53c
.rodata	0014d540	L_0014d540	uint L_0014d540
.rodata	0014d544	L_0014d544	uint L_0014d544
.rodata	0014d548	L_0014d548	uint L_0014d548
.rodata	0014d54c	L_0014d54c	uint L_0014d54c
.rodata	0014d550	L_0014d550	uint L_0014d550
.rodata	0014d554	L_0014d554	uint L_0014d554
.rodata	0014d558	L_0014d558	uint L_0014d558
.rodata	0014d55c	L_0014d55c	uint L_0014d55c
.rodata	0014d560	L_0014d560	uint L_0014d560
.rodata	0014d564	L_0014d564	uint L_0014d564
.rodata	0014d568	L_0014d568	uint L_0014d568
.rodata	0014d56c	switchdataD_0014d56c	uint switchdataD_0014d56c
.rodata	0014d570	L_0014d570	uint L_0014d570
.rodata	0014d574	L_0014d574	uint L_0014d574
.rodata	0014d578	L_0014d578	uint L_0014d578
.rodata	0014d57c	L_0014d57c	uint L_0014d57c
.rodata	0014d580	L_0014d580	uint L_0014d580
.rodata	0014d584	L_0014d584	uint L_0014d584
.rodata	0014d588	L_0014d588	uint L_0014d588
.rodata	0014d58c	L_0014d58c	uint L_0014d58c
.rodata	0014d590	L_0014d590	uint L_0014d590
.rodata	0014d594	L_0014d594	uint L_0014d594
.rodata	0014d598	L_0014d598	uint L_0014d598
.rodata	0014d59c	L_0014d59c	uint L_0014d59c
.rodata	0014d5a0	L_0014d5a0	uint L_0014d5a0
.rodata	0014d5a4	L_0014d5a4	uint L_0014d5a4
.rodata	0014d5a8	L_0014d5a8	uint L_0014d5a8
.rodata	0014d5ac	L_0014d5ac	uint L_0014d5ac
.rodata	0014d5b0	L_0014d5b0	uint L_0014d5b0
.rodata	0014d5b4	L_0014d5b4	uint L_0014d5b4
.rodata	0014d5b8	L_0014d5b8	uint L_0014d5b8
.rodata	0014d5bc	L_0014d5bc	uint L_0014d5bc
.rodata	0014d5c0	L_0014d5c0	uint L_0014d5c0
.rodata	0014d5c4	L_0014d5c4	uint L_0014d5c4
.rodata	0014d5c8	L_0014d5c8	uint L_0014d5c8
.rodata	0014d5cc	L_0014d5cc	uint L_0014d5cc
.rodata	0014d5d0	L_0014d5d0	uint L_0014d5d0
.rodata	0014d5d4	L_0014d5d4	uint L_0014d5d4
.rodata	0014d5d8	L_0014d5d8	uint L_0014d5d8
.rodata	0014d5dc	L_0014d5dc	uint L_0014d5dc
.rodata	0014d5e0	L_0014d5e0	uint L_0014d5e0
.rodata	0014d5e4	L_0014d5e4	uint L_0014d5e4
.rodata	0014d5e8	L_0014d5e8	uint L_0014d5e8
.rodata	0014d5ec	L_0014d5ec	uint L_0014d5ec
.rodata	0014d5f0	L_0014d5f0	uint L_0014d5f0
.rodata	0014d5f4	L_0014d5f4	uint L_0014d5f4
.rodata	0014d5f8	L_0014d5f8	uint L_0014d5f8
.rodata	0014d5fc	L_0014d5fc	uint L_0014d5fc
.rodata	0014d600	L_0014d600	uint L_0014d600
.rodata	0014d604	L_0014d604	uint L_0014d604
.rodata	0014d608	L_0014d608	uint L_0014d608
.rodata	0014d60c	L_0014d60c	uint L_0014d60c
.rodata	0014d610	L_0014d610	uint L_0014d610
.rodata	0014d614	L_0014d614	uint L_0014d614
.rodata	0014d618	L_0014d618	uint L_0014d618
.rodata	0014d61c	L_0014d61c	uint L_0014d61c
.rodata	0014d620	L_0014d620	uint L_0014d620
.rodata	0014d624	L_0014d624	uint L_0014d624
.rodata	0014d628	L_0014d628	uint L_0014d628
.rodata	0014d62c	L_0014d62c	uint L_0014d62c
.rodata	0014d630	L_0014d630	uint L_0014d630
.rodata	0014d634	L_0014d634	uint L_0014d634
.rodata	0014d638	L_0014d638	uint L_0014d638
.rodata	0014d63c	L_0014d63c	uint L_0014d63c
.rodata	0014d640	L_0014d640	uint L_0014d640
.rodata	0014d644	L_0014d644	uint L_0014d644
.rodata	0014d648	L_0014d648	uint L_0014d648
.rodata	0014d64c	L_0014d64c	uint L_0014d64c
.rodata	0014d650	L_0014d650	uint L_0014d650
.rodata	0014d654	L_0014d654	uint L_0014d654
.rodata	0014d658	L_0014d658	uint L_0014d658
.rodata	0014d65c	L_0014d65c	uint L_0014d65c
.rodata	0014d660	L_0014d660	uint L_0014d660
.rodata	0014d664	L_0014d664	uint L_0014d664
.rodata	0014d668	L_0014d668	uint L_0014d668
.rodata	0014d66c	L_0014d66c	uint L_0014d66c
.rodata	0014d670	L_0014d670	uint L_0014d670
.rodata	0014d674	L_0014d674	uint L_0014d674
.rodata	0014d678	L_0014d678	uint L_0014d678
.rodata	0014d67c	L_0014d67c	uint L_0014d67c
.rodata	0014d680	L_0014d680	uint L_0014d680
.rodata	0014d684	L_0014d684	uint L_0014d684
.rodata	0014d688	L_0014d688	uint L_0014d688
.rodata	0014d68c	L_0014d68c	uint L_0014d68c
.rodata	0014d690	L_0014d690	uint L_0014d690
.rodata	0014d694	L_0014d694	uint L_0014d694
.rodata	0014d698	L_0014d698	uint L_0014d698
.rodata	0014d69c	L_0014d69c	uint L_0014d69c
.rodata	0014d6a0	L_0014d6a0	uint L_0014d6a0
.rodata	0014d6a4	L_0014d6a4	uint L_0014d6a4
.rodata	0014d6a8	L_0014d6a8	uint L_0014d6a8
.rodata	0014d6ac	L_0014d6ac	uint L_0014d6ac
.rodata	0014d6b0	L_0014d6b0	uint L_0014d6b0
.rodata	0014d6b4	L_0014d6b4	uint L_0014d6b4
.rodata	0014d6b8	L_0014d6b8	uint L_0014d6b8
.rodata	0014d6bc	L_0014d6bc	uint L_0014d6bc
.rodata	0014d6c0	L_0014d6c0	uint L_0014d6c0
.rodata	0014d6c4	L_0014d6c4	uint L_0014d6c4
.rodata	0014d6c8	L_0014d6c8	uint L_0014d6c8
.rodata	0014d6cc	L_0014d6cc	uint L_0014d6cc
.rodata	0014d6d0	L_0014d6d0	uint L_0014d6d0
.rodata	0014d6d4	L_0014d6d4	uint L_0014d6d4
.rodata	0014d6d8	L_0014d6d8	uint L_0014d6d8
.rodata	0014d6dc	L_0014d6dc	uint L_0014d6dc
.rodata	0014d6e0	L_0014d6e0	uint L_0014d6e0
.rodata	0014d6e4	L_0014d6e4	uint L_0014d6e4
.rodata	0014d6e8	L_0014d6e8	uint L_0014d6e8
.rodata	0014d6ec	L_0014d6ec	uint L_0014d6ec
.rodata	0014d6f0	L_0014d6f0	uint L_0014d6f0
.rodata	0014d6f4	L_0014d6f4	uint L_0014d6f4
.rodata	0014d6f8	L_0014d6f8	uint L_0014d6f8
.rodata	0014d6fc	L_0014d6fc	uint L_0014d6fc
.rodata	0014d700	L_0014d700	uint L_0014d700
.rodata	0014d704	L_0014d704	uint L_0014d704
.rodata	0014d708	L_0014d708	uint L_0014d708
.rodata	0014d70c	L_0014d70c	uint L_0014d70c
.rodata	0014d710	L_0014d710	uint L_0014d710
.rodata	0014d714	L_0014d714	uint L_0014d714
.rodata	0014d718	L_0014d718	uint L_0014d718
.rodata	0014d71c	L_0014d71c	uint L_0014d71c
.rodata	0014d720	L_0014d720	uint L_0014d720
.rodata	0014d724	L_0014d724	uint L_0014d724
.rodata	0014d728	L_0014d728	uint L_0014d728
.rodata	0014d72c	L_0014d72c	uint L_0014d72c
.rodata	0014d730	L_0014d730	uint L_0014d730
.rodata	0014d734	L_0014d734	uint L_0014d734
.rodata	0014d738	L_0014d738	uint L_0014d738
.rodata	0014d73c	L_0014d73c	uint L_0014d73c
.rodata	0014d740	L_0014d740	uint L_0014d740
.rodata	0014d744	L_0014d744	uint L_0014d744
.rodata	0014d748	L_0014d748	uint L_0014d748
.rodata	0014d74c	L_0014d74c	uint L_0014d74c
.rodata	0014d750	L_0014d750	uint L_0014d750
.rodata	0014d754	L_0014d754	uint L_0014d754
.rodata	0014d758	L_0014d758	uint L_0014d758
.rodata	0014d75c	L_0014d75c	uint L_0014d75c
.rodata	0014d760	L_0014d760	uint L_0014d760
.rodata	0014d764	L_0014d764	uint L_0014d764
.rodata	0014d768	switchdataD_0014d768	uint switchdataD_0014d768
.rodata	0014d76c	L_0014d76c	uint L_0014d76c
.rodata	0014d770	L_0014d770	uint L_0014d770
.rodata	0014d774	L_0014d774	uint L_0014d774
.rodata	0014d778	L_0014d778	uint L_0014d778
.rodata	0014d77c	L_0014d77c	uint L_0014d77c
.rodata	0014d780	L_0014d780	uint L_0014d780
.rodata	0014d784	L_0014d784	uint L_0014d784
.rodata	0014d788	L_0014d788	uint L_0014d788
.rodata	0014d78c	L_0014d78c	uint L_0014d78c
.rodata	0014d790	L_0014d790	uint L_0014d790
.rodata	0014d794	L_0014d794	uint L_0014d794
.rodata	0014d798	L_0014d798	uint L_0014d798
.rodata	0014d79c	L_0014d79c	uint L_0014d79c
.rodata	0014d7a0	L_0014d7a0	uint L_0014d7a0
.rodata	0014d7a4	L_0014d7a4	uint L_0014d7a4
.rodata	0014d7a8	switchdataD_0014d7a8	uint switchdataD_0014d7a8
.rodata	0014d7ac	L_0014d7ac	uint L_0014d7ac
.rodata	0014d7b0	L_0014d7b0	uint L_0014d7b0
.rodata	0014d7b4	L_0014d7b4	uint L_0014d7b4
.rodata	0014d7b8	L_0014d7b8	uint L_0014d7b8
.rodata	0014d7bc	L_0014d7bc	uint L_0014d7bc
.rodata	0014d7c0	L_0014d7c0	uint L_0014d7c0
.rodata	0014d7c4	L_0014d7c4	uint L_0014d7c4
.rodata	0014d7c8	L_0014d7c8	uint L_0014d7c8
.rodata	0014d7cc	L_0014d7cc	uint L_0014d7cc
.rodata	0014d7d0	L_0014d7d0	uint L_0014d7d0
.rodata	0014d7d4	L_0014d7d4	uint L_0014d7d4
.rodata	0014d7d8	L_0014d7d8	uint L_0014d7d8
.rodata	0014d7dc	L_0014d7dc	uint L_0014d7dc
.rodata	0014d7e0	L_0014d7e0	uint L_0014d7e0
.rodata	0014d7e4	L_0014d7e4	uint L_0014d7e4
.rodata	0014d7e8	L_0014d7e8	uint L_0014d7e8
.rodata	0014d7ec	L_0014d7ec	uint L_0014d7ec
.rodata	0014d7f0	L_0014d7f0	uint L_0014d7f0
.rodata	0014d7f4	L_0014d7f4	uint L_0014d7f4
.rodata	0014d7f8	L_0014d7f8	uint L_0014d7f8
.rodata	0014d7fc	L_0014d7fc	uint L_0014d7fc
.rodata	0014d800	L_0014d800	uint L_0014d800
.rodata	0014d804	L_0014d804	uint L_0014d804
.rodata	0014d808	L_0014d808	uint L_0014d808
.rodata	0014d80c	L_0014d80c	uint L_0014d80c
.rodata	0014d810	L_0014d810	uint L_0014d810
.rodata	0014d814	L_0014d814	uint L_0014d814
.rodata	0014d818	L_0014d818	uint L_0014d818
.rodata	0014d81c	L_0014d81c	uint L_0014d81c
.rodata	0014d820	L_0014d820	uint L_0014d820
.rodata	0014d824	L_0014d824	uint L_0014d824
.rodata	0014d828	L_0014d828	uint L_0014d828
.rodata	0014d82c	L_0014d82c	uint L_0014d82c
.rodata	0014d830	L_0014d830	uint L_0014d830
.rodata	0014d834	L_0014d834	uint L_0014d834
.rodata	0014d838	switchdataD_0014d838	uint switchdataD_0014d838
.rodata	0014d83c	L_0014d83c	uint L_0014d83c
.rodata	0014d840	L_0014d840	uint L_0014d840
.rodata	0014d844	L_0014d844	uint L_0014d844
.rodata	0014d848	L_0014d848	uint L_0014d848
.rodata	0014d84c	L_0014d84c	uint L_0014d84c
.rodata	0014d850	L_0014d850	uint L_0014d850
.rodata	0014d854	L_0014d854	uint L_0014d854
.rodata	0014d858	L_0014d858	uint L_0014d858
.rodata	0014d85c	L_0014d85c	uint L_0014d85c
.rodata	0014d860	L_0014d860	uint L_0014d860
.rodata	0014d864	L_0014d864	uint L_0014d864
.rodata	0014d868	L_0014d868	uint L_0014d868
.rodata	0014d86c	L_0014d86c	uint L_0014d86c
.rodata	0014d870	L_0014d870	uint L_0014d870
.rodata	0014d874	L_0014d874	uint L_0014d874
.rodata	0014d878	L_0014d878	uint L_0014d878
.rodata	0014d87c	L_0014d87c	uint L_0014d87c
.rodata	0014d880	L_0014d880	uint L_0014d880
.rodata	0014d884	L_0014d884	uint L_0014d884
.rodata	0014d888	L_0014d888	uint L_0014d888
.rodata	0014d88c	L_0014d88c	uint L_0014d88c
.rodata	0014d890	L_0014d890	uint L_0014d890
.rodata	0014d894	L_0014d894	uint L_0014d894
.rodata	0014d898	L_0014d898	uint L_0014d898
.rodata	0014d89c	L_0014d89c	uint L_0014d89c
.rodata	0014d8a0	L_0014d8a0	uint L_0014d8a0
.rodata	0014d8a4	L_0014d8a4	uint L_0014d8a4
.rodata	0014d8a8	L_0014d8a8	uint L_0014d8a8
.rodata	0014d8ac	L_0014d8ac	uint L_0014d8ac
.rodata	0014d8b0	L_0014d8b0	uint L_0014d8b0
.rodata	0014d8b4	L_0014d8b4	uint L_0014d8b4
.rodata	0014d8b8	L_0014d8b8	uint L_0014d8b8
.rodata	0014d8bc	L_0014d8bc	uint L_0014d8bc
.rodata	0014d8c0	L_0014d8c0	uint L_0014d8c0
.rodata	0014d8c4	L_0014d8c4	uint L_0014d8c4
.rodata	0014d8c8	L_0014d8c8	uint L_0014d8c8
.rodata	0014d8cc	L_0014d8cc	uint L_0014d8cc
.rodata	0014d8d0	L_0014d8d0	uint L_0014d8d0
.rodata	0014d8d4	L_0014d8d4	uint L_0014d8d4
.rodata	0014d8d8	L_0014d8d8	uint L_0014d8d8
.rodata	0014d8dc	L_0014d8dc	uint L_0014d8dc
.rodata	0014d8e0	L_0014d8e0	uint L_0014d8e0
.rodata	0014d8e4	L_0014d8e4	uint L_0014d8e4
.rodata	0014d8e8	L_0014d8e8	uint L_0014d8e8
.rodata	0014d8ec	L_0014d8ec	uint L_0014d8ec
.rodata	0014d8f0	L_0014d8f0	uint L_0014d8f0
.rodata	0014d8f4	L_0014d8f4	uint L_0014d8f4
.rodata	0014d8f8	L_0014d8f8	uint L_0014d8f8
.rodata	0014d8fc	switchdataD_0014d8fc	uint switchdataD_0014d8fc
.rodata	0014d900	L_0014d900	uint L_0014d900
.rodata	0014d904	L_0014d904	uint L_0014d904
.rodata	0014d908	L_0014d908	uint L_0014d908
.rodata	0014d90c	L_0014d90c	uint L_0014d90c
.rodata	0014d910	L_0014d910	uint L_0014d910
.rodata	0014d914	L_0014d914	uint L_0014d914
.rodata	0014d918	L_0014d918	uint L_0014d918
.rodata	0014d91c	L_0014d91c	uint L_0014d91c
.rodata	0014d920	L_0014d920	uint L_0014d920
.rodata	0014d924	L_0014d924	uint L_0014d924
.rodata	0014d928	L_0014d928	uint L_0014d928
.rodata	0014d92c	L_0014d92c	uint L_0014d92c
.rodata	0014d930	L_0014d930	uint L_0014d930
.rodata	0014d934	L_0014d934	uint L_0014d934
.rodata	0014d938	L_0014d938	uint L_0014d938
.rodata	0014d93c	L_0014d93c	uint L_0014d93c
.rodata	0014d940	L_0014d940	uint L_0014d940
.rodata	0014d944	L_0014d944	uint L_0014d944
.rodata	0014d948	L_0014d948	uint L_0014d948
.rodata	0014d94c	L_0014d94c	uint L_0014d94c
.rodata	0014d950	L_0014d950	uint L_0014d950
.rodata	0014d954	L_0014d954	uint L_0014d954
.rodata	0014d958	L_0014d958	uint L_0014d958
.rodata	0014d95c	L_0014d95c	uint L_0014d95c
.rodata	0014d960	L_0014d960	uint L_0014d960
.rodata	0014d964	L_0014d964	uint L_0014d964
.rodata	0014d968	L_0014d968	uint L_0014d968
.rodata	0014d96c	L_0014d96c	uint L_0014d96c
.rodata	0014d970	L_0014d970	uint L_0014d970
.rodata	0014d974	L_0014d974	uint L_0014d974
.rodata	0014d978	L_0014d978	uint L_0014d978
.rodata	0014d97c	L_0014d97c	uint L_0014d97c
.rodata	0014d980	L_0014d980	uint L_0014d980
.rodata	0014d984	L_0014d984	uint L_0014d984
.rodata	0014d988	L_0014d988	uint L_0014d988
.rodata	0014d98c	L_0014d98c	uint L_0014d98c
.rodata	0014d990	L_0014d990	uint L_0014d990
.rodata	0014d994	L_0014d994	uint L_0014d994
.rodata	0014d998	L_0014d998	uint L_0014d998
.rodata	0014d99c	L_0014d99c	uint L_0014d99c
.rodata	0014d9a0	L_0014d9a0	uint L_0014d9a0
.rodata	0014d9a4	L_0014d9a4	uint L_0014d9a4
.rodata	0014d9a8	L_0014d9a8	uint L_0014d9a8
.rodata	0014d9ac	L_0014d9ac	uint L_0014d9ac
.rodata	0014d9b0	L_0014d9b0	uint L_0014d9b0
.rodata	0014d9b4	L_0014d9b4	uint L_0014d9b4
.rodata	0014d9b8	L_0014d9b8	uint L_0014d9b8
.rodata	0014d9bc	L_0014d9bc	uint L_0014d9bc
.rodata	0014d9c0	L_0014d9c0	uint L_0014d9c0
.rodata	0014d9c4	L_0014d9c4	uint L_0014d9c4
.rodata	0014d9c8	L_0014d9c8	uint L_0014d9c8
.rodata	0014d9cc	L_0014d9cc	uint L_0014d9cc
.rodata	0014d9d0	L_0014d9d0	uint L_0014d9d0
.rodata	0014d9d4	L_0014d9d4	uint L_0014d9d4
.rodata	0014d9d8	L_0014d9d8	uint L_0014d9d8
.rodata	0014d9dc	L_0014d9dc	uint L_0014d9dc
.rodata	0014d9e0	L_0014d9e0	uint L_0014d9e0
.rodata	0014d9e4	L_0014d9e4	uint L_0014d9e4
.rodata	0014d9e8	L_0014d9e8	uint L_0014d9e8
.rodata	0014d9ec	L_0014d9ec	uint L_0014d9ec
.rodata	0014d9f0	L_0014d9f0	uint L_0014d9f0
.rodata	0014d9f4	L_0014d9f4	uint L_0014d9f4
.rodata	0014d9f8	L_0014d9f8	uint L_0014d9f8
.rodata	0014d9fc	L_0014d9fc	uint L_0014d9fc
.rodata	0014da00	L_0014da00	uint L_0014da00
.rodata	0014da04	L_0014da04	uint L_0014da04
.rodata	0014da08	L_0014da08	uint L_0014da08
.rodata	0014da0c	L_0014da0c	uint L_0014da0c
.rodata	0014da10	L_0014da10	uint L_0014da10
.rodata	0014da14	L_0014da14	uint L_0014da14
.rodata	0014da18	L_0014da18	uint L_0014da18
.rodata	0014da1c	L_0014da1c	uint L_0014da1c
.rodata	0014da20	L_0014da20	uint L_0014da20
.rodata	0014da24	L_0014da24	uint L_0014da24
.rodata	0014da28	L_0014da28	uint L_0014da28
.rodata	0014da2c	L_0014da2c	uint L_0014da2c
.rodata	0014da30	L_0014da30	uint L_0014da30
.rodata	0014da34	L_0014da34	uint L_0014da34
.rodata	0014da38	L_0014da38	uint L_0014da38
.rodata	0014da3c	L_0014da3c	uint L_0014da3c
.rodata	0014da40	L_0014da40	uint L_0014da40
.rodata	0014da44	L_0014da44	uint L_0014da44
.rodata	0014da48	L_0014da48	uint L_0014da48
.rodata	0014da4c	L_0014da4c	uint L_0014da4c
.rodata	0014da50	L_0014da50	uint L_0014da50
.rodata	0014da54	L_0014da54	uint L_0014da54
.rodata	0014da58	L_0014da58	uint L_0014da58
.rodata	0014da5c	L_0014da5c	uint L_0014da5c
.rodata	0014da60	L_0014da60	uint L_0014da60
.rodata	0014da64	L_0014da64	uint L_0014da64
.rodata	0014da68	L_0014da68	uint L_0014da68
.rodata	0014da6c	L_0014da6c	uint L_0014da6c
.rodata	0014da70	L_0014da70	uint L_0014da70
.rodata	0014da74	L_0014da74	uint L_0014da74
.rodata	0014da78	L_0014da78	uint L_0014da78
.rodata	0014da7c	L_0014da7c	uint L_0014da7c
.rodata	0014da80	L_0014da80	uint L_0014da80
.rodata	0014da84	L_0014da84	uint L_0014da84
.rodata	0014da88	L_0014da88	uint L_0014da88
.rodata	0014da8c	L_0014da8c	uint L_0014da8c
.rodata	0014da90	L_0014da90	uint L_0014da90
.rodata	0014da94	L_0014da94	uint L_0014da94
.rodata	0014da98	L_0014da98	uint L_0014da98
.rodata	0014da9c	L_0014da9c	uint L_0014da9c
.rodata	0014daa0	L_0014daa0	uint L_0014daa0
.rodata	0014daa4	L_0014daa4	uint L_0014daa4
.rodata	0014daa8	L_0014daa8	uint L_0014daa8
.rodata	0014daac	L_0014daac	uint L_0014daac
.rodata	0014dab0	L_0014dab0	uint L_0014dab0
.rodata	0014dab4	L_0014dab4	uint L_0014dab4
.rodata	0014dab8	L_0014dab8	uint L_0014dab8
.rodata	0014dabc	L_0014dabc	uint L_0014dabc
.rodata	0014dac0	L_0014dac0	uint L_0014dac0
.rodata	0014dac4	L_0014dac4	uint L_0014dac4
.rodata	0014dac8	L_0014dac8	uint L_0014dac8
.rodata	0014dacc	L_0014dacc	uint L_0014dacc
.rodata	0014dad0	L_0014dad0	uint L_0014dad0
.rodata	0014dad4	L_0014dad4	uint L_0014dad4
.rodata	0014dad8	L_0014dad8	uint L_0014dad8
.rodata	0014dadc	L_0014dadc	uint L_0014dadc
.rodata	0014dae0	L_0014dae0	uint L_0014dae0
.rodata	0014dae4	L_0014dae4	uint L_0014dae4
.rodata	0014dae8	L_0014dae8	uint L_0014dae8
.rodata	0014daec	L_0014daec	uint L_0014daec
.rodata	0014daf0	L_0014daf0	uint L_0014daf0
.rodata	0014daf4	L_0014daf4	uint L_0014daf4
.rodata	0014daf8	switchdataD_0014daf8	uint switchdataD_0014daf8
.rodata	0014dafc	L_0014dafc	uint L_0014dafc
.rodata	0014db00	L_0014db00	uint L_0014db00
.rodata	0014db04	L_0014db04	uint L_0014db04
.rodata	0014db08	L_0014db08	uint L_0014db08
.rodata	0014db0c	L_0014db0c	uint L_0014db0c
.rodata	0014db10	L_0014db10	uint L_0014db10
.rodata	0014db18	CSWTCH_184	undefined1 CSWTCH_184[14]
.rodata	0014db40	MetersMovingEvents	wchar_t MetersMovingEvents[9]
.rodata	0014db70	MetersEvents	wchar_t MetersEvents[5]
.rodata	0014db88	BarMeterMode_characters	char BarMeterMode_characters[9]
.rodata	0014db98	unitPrefixes	char unitPrefixes[10]
.rodata	0014db9a	unitPrefixes+2	
.rodata	0014dba4	High_attributes	wchar_t High_attributes[1]
.rodata	0014dba8	Medium_attributes	wchar_t Medium_attributes[1]
.rodata	0014dbac	OK_attributes	wchar_t OK_attributes[1]
.rodata	0014dbb0	InfoScreenEvents	wchar_t InfoScreenEvents[4]
.rodata	0014dbc0	searchEvents	wchar_t searchEvents[4]
.rodata	0014dbd0	filterEvents	wchar_t filterEvents[3]
.rodata	0014dbe0	switchdataD_0014dbe0	uint switchdataD_0014dbe0
.rodata	0014dbe4	L_0014dbe4	uint L_0014dbe4
.rodata	0014dbe8	L_0014dbe8	uint L_0014dbe8
.rodata	0014dbec	L_0014dbec	uint L_0014dbec
.rodata	0014dbf0	L_0014dbf0	uint L_0014dbf0
.rodata	0014dbf4	L_0014dbf4	uint L_0014dbf4
.rodata	0014dbf8	L_0014dbf8	uint L_0014dbf8
.rodata	0014dbfc	DAT_0014dbfc	undefined DAT_0014dbfc
.rodata	0014dc04	switchdataD_0014dc04	uint switchdataD_0014dc04
.rodata	0014dc08	L_0014dc08	uint L_0014dc08
.rodata	0014dc0c	L_0014dc0c	uint L_0014dc0c
.rodata	0014dc10	L_0014dc10	uint L_0014dc10
.rodata	0014dc14	L_0014dc14	uint L_0014dc14
.rodata	0014dc18	L_0014dc18	uint L_0014dc18
.rodata	0014dc1c	L_0014dc1c	uint L_0014dc1c
.rodata	0014dc20	L_0014dc20	uint L_0014dc20
.rodata	0014dc24	L_0014dc24	uint L_0014dc24
.rodata	0014dc28	L_0014dc28	uint L_0014dc28
.rodata	0014dc2c	L_0014dc2c	uint L_0014dc2c
.rodata	0014dc30	L_0014dc30	uint L_0014dc30
.rodata	0014dc34	L_0014dc34	uint L_0014dc34
.rodata	0014dc38	L_0014dc38	uint L_0014dc38
.rodata	0014dc3c	L_0014dc3c	uint L_0014dc3c
.rodata	0014dc40	L_0014dc40	uint L_0014dc40
.rodata	0014dc44	L_0014dc44	uint L_0014dc44
.rodata	0014dc48	L_0014dc48	uint L_0014dc48
.rodata	0014dc4c	L_0014dc4c	uint L_0014dc4c
.rodata	0014dc50	L_0014dc50	uint L_0014dc50
.rodata	0014dc54	L_0014dc54	uint L_0014dc54
.rodata	0014dc58	L_0014dc58	uint L_0014dc58
.rodata	0014dc5c	L_0014dc5c	uint L_0014dc5c
.rodata	0014dc60	L_0014dc60	uint L_0014dc60
.rodata	0014dc64	L_0014dc64	uint L_0014dc64
.rodata	0014dc68	L_0014dc68	uint L_0014dc68
.rodata	0014dc6c	L_0014dc6c	uint L_0014dc6c
.rodata	0014dc70	L_0014dc70	uint L_0014dc70
.rodata	0014dc74	L_0014dc74	uint L_0014dc74
.rodata	0014dc78	L_0014dc78	uint L_0014dc78
.rodata	0014dc7c	L_0014dc7c	uint L_0014dc7c
.rodata	0014dc80	L_0014dc80	uint L_0014dc80
.rodata	0014dc84	L_0014dc84	uint L_0014dc84
.rodata	0014dc88	L_0014dc88	uint L_0014dc88
.rodata	0014dc8c	switchdataD_0014dc8c	uint switchdataD_0014dc8c
.rodata	0014dc90	L_0014dc90	uint L_0014dc90
.rodata	0014dc94	L_0014dc94	uint L_0014dc94
.rodata	0014dc98	L_0014dc98	uint L_0014dc98
.rodata	0014dc9c	L_0014dc9c	uint L_0014dc9c
.rodata	0014dca0	L_0014dca0	uint L_0014dca0
.rodata	0014dca4	L_0014dca4	uint L_0014dca4
.rodata	0014dca8	L_0014dca8	uint L_0014dca8
.rodata	0014dcac	L_0014dcac	uint L_0014dcac
.rodata	0014dcb0	L_0014dcb0	uint L_0014dcb0
.rodata	0014dcb4	L_0014dcb4	uint L_0014dcb4
.rodata	0014dcb8	L_0014dcb8	uint L_0014dcb8
.rodata	0014dcbc	L_0014dcbc	uint L_0014dcbc
.rodata	0014dcc0	L_0014dcc0	uint L_0014dcc0
.rodata	0014dcc4	L_0014dcc4	uint L_0014dcc4
.rodata	0014dcc8	L_0014dcc8	uint L_0014dcc8
.rodata	0014dccc	L_0014dccc	uint L_0014dccc
.rodata	0014dcd0	L_0014dcd0	uint L_0014dcd0
.rodata	0014dcd4	L_0014dcd4	uint L_0014dcd4
.rodata	0014dcd8	L_0014dcd8	uint L_0014dcd8
.rodata	0014dcdc	L_0014dcdc	uint L_0014dcdc
.rodata	0014dce0	L_0014dce0	uint L_0014dce0
.rodata	0014dce4	L_0014dce4	uint L_0014dce4
.rodata	0014dce8	L_0014dce8	uint L_0014dce8
.rodata	0014dcec	L_0014dcec	uint L_0014dcec
.rodata	0014dcf0	L_0014dcf0	uint L_0014dcf0
.rodata	0014dcf4	L_0014dcf4	uint L_0014dcf4
.rodata	0014dcf8	L_0014dcf8	uint L_0014dcf8
.rodata	0014dcfc	L_0014dcfc	uint L_0014dcfc
.rodata	0014dd00	L_0014dd00	uint L_0014dd00
.rodata	0014dd04	L_0014dd04	uint L_0014dd04
.rodata	0014dd08	L_0014dd08	uint L_0014dd08
.rodata	0014dd0c	L_0014dd0c	uint L_0014dd0c
.rodata	0014dd10	L_0014dd10	uint L_0014dd10
.rodata	0014dd14	L_0014dd14	uint L_0014dd14
.rodata	0014dd18	L_0014dd18	uint L_0014dd18
.rodata	0014dd1c	L_0014dd1c	uint L_0014dd1c
.rodata	0014dd20	L_0014dd20	uint L_0014dd20
.rodata	0014dd24	L_0014dd24	uint L_0014dd24
.rodata	0014dd28	L_0014dd28	uint L_0014dd28
.rodata	0014dd2c	L_0014dd2c	uint L_0014dd2c
.rodata	0014dd30	L_0014dd30	uint L_0014dd30
.rodata	0014dd34	L_0014dd34	uint L_0014dd34
.rodata	0014dd38	L_0014dd38	uint L_0014dd38
.rodata	0014dd3c	L_0014dd3c	uint L_0014dd3c
.rodata	0014dd40	L_0014dd40	uint L_0014dd40
.rodata	0014dd44	L_0014dd44	uint L_0014dd44
.rodata	0014dd48	L_0014dd48	uint L_0014dd48
.rodata	0014dd4c	L_0014dd4c	uint L_0014dd4c
.rodata	0014dd50	L_0014dd50	uint L_0014dd50
.rodata	0014dd54	L_0014dd54	uint L_0014dd54
.rodata	0014dd58	L_0014dd58	uint L_0014dd58
.rodata	0014dd5c	L_0014dd5c	uint L_0014dd5c
.rodata	0014dd60	L_0014dd60	uint L_0014dd60
.rodata	0014dd64	L_0014dd64	uint L_0014dd64
.rodata	0014dd68	L_0014dd68	uint L_0014dd68
.rodata	0014dd6c	L_0014dd6c	uint L_0014dd6c
.rodata	0014dd70	L_0014dd70	uint L_0014dd70
.rodata	0014dd74	L_0014dd74	uint L_0014dd74
.rodata	0014dd78	L_0014dd78	uint L_0014dd78
.rodata	0014dd7c	L_0014dd7c	uint L_0014dd7c
.rodata	0014dd80	L_0014dd80	uint L_0014dd80
.rodata	0014dd84	L_0014dd84	uint L_0014dd84
.rodata	0014dd88	L_0014dd88	uint L_0014dd88
.rodata	0014dd8c	L_0014dd8c	uint L_0014dd8c
.rodata	0014dd90	L_0014dd90	uint L_0014dd90
.rodata	0014dd94	L_0014dd94	uint L_0014dd94
.rodata	0014dd98	L_0014dd98	uint L_0014dd98
.rodata	0014dd9c	L_0014dd9c	uint L_0014dd9c
.rodata	0014dda0	L_0014dda0	uint L_0014dda0
.rodata	0014dda4	L_0014dda4	uint L_0014dda4
.rodata	0014dda8	L_0014dda8	uint L_0014dda8
.rodata	0014ddac	L_0014ddac	uint L_0014ddac
.rodata	0014ddb0	L_0014ddb0	uint L_0014ddb0
.rodata	0014ddb4	L_0014ddb4	uint L_0014ddb4
.rodata	0014ddb8	L_0014ddb8	uint L_0014ddb8
.rodata	0014ddbc	L_0014ddbc	uint L_0014ddbc
.rodata	0014ddc0	L_0014ddc0	uint L_0014ddc0
.rodata	0014ddc4	L_0014ddc4	uint L_0014ddc4
.rodata	0014ddc8	L_0014ddc8	uint L_0014ddc8
.rodata	0014ddcc	L_0014ddcc	uint L_0014ddcc
.rodata	0014ddd0	L_0014ddd0	uint L_0014ddd0
.rodata	0014ddd4	L_0014ddd4	uint L_0014ddd4
.rodata	0014ddd8	L_0014ddd8	uint L_0014ddd8
.rodata	0014dddc	L_0014dddc	uint L_0014dddc
.rodata	0014dde0	L_0014dde0	uint L_0014dde0
.rodata	0014dde4	L_0014dde4	uint L_0014dde4
.rodata	0014dde8	L_0014dde8	uint L_0014dde8
.rodata	0014ddec	L_0014ddec	uint L_0014ddec
.rodata	0014ddf0	L_0014ddf0	uint L_0014ddf0
.rodata	0014ddf4	L_0014ddf4	uint L_0014ddf4
.rodata	0014ddf8	L_0014ddf8	uint L_0014ddf8
.rodata	0014ddfc	L_0014ddfc	uint L_0014ddfc
.rodata	0014de00	L_0014de00	uint L_0014de00
.rodata	0014de04	L_0014de04	uint L_0014de04
.rodata	0014de08	L_0014de08	uint L_0014de08
.rodata	0014de0c	L_0014de0c	uint L_0014de0c
.rodata	0014de10	L_0014de10	uint L_0014de10
.rodata	0014de14	L_0014de14	uint L_0014de14
.rodata	0014de18	L_0014de18	uint L_0014de18
.rodata	0014de1c	L_0014de1c	uint L_0014de1c
.rodata	0014de20	L_0014de20	uint L_0014de20
.rodata	0014de24	L_0014de24	uint L_0014de24
.rodata	0014de28	switchdataD_0014de28	uint switchdataD_0014de28
.rodata	0014de2c	L_0014de2c	uint L_0014de2c
.rodata	0014de30	L_0014de30	uint L_0014de30
.rodata	0014de34	L_0014de34	uint L_0014de34
.rodata	0014de38	L_0014de38	uint L_0014de38
.rodata	0014de3c	L_0014de3c	uint L_0014de3c
.rodata	0014de40	L_0014de40	uint L_0014de40
.rodata	0014de44	L_0014de44	uint L_0014de44
.rodata	0014de48	L_0014de48	uint L_0014de48
.rodata	0014de4c	L_0014de4c	uint L_0014de4c
.rodata	0014de50	L_0014de50	uint L_0014de50
.rodata	0014de54	L_0014de54	uint L_0014de54
.rodata	0014de58	L_0014de58	uint L_0014de58
.rodata	0014de5c	L_0014de5c	uint L_0014de5c
.rodata	0014de60	L_0014de60	uint L_0014de60
.rodata	0014de64	L_0014de64	uint L_0014de64
.rodata	0014de68	L_0014de68	uint L_0014de68
.rodata	0014de6c	L_0014de6c	uint L_0014de6c
.rodata	0014de70	L_0014de70	uint L_0014de70
.rodata	0014de74	L_0014de74	uint L_0014de74
.rodata	0014de78	L_0014de78	uint L_0014de78
.rodata	0014de7c	L_0014de7c	uint L_0014de7c
.rodata	0014de80	L_0014de80	uint L_0014de80
.rodata	0014de84	L_0014de84	uint L_0014de84
.rodata	0014de88	L_0014de88	uint L_0014de88
.rodata	0014de8c	L_0014de8c	uint L_0014de8c
.rodata	0014de90	L_0014de90	uint L_0014de90
.rodata	0014de94	L_0014de94	uint L_0014de94
.rodata	0014de98	L_0014de98	uint L_0014de98
.rodata	0014de9c	L_0014de9c	uint L_0014de9c
.rodata	0014dea0	L_0014dea0	uint L_0014dea0
.rodata	0014dea4	L_0014dea4	uint L_0014dea4
.rodata	0014dea8	L_0014dea8	uint L_0014dea8
.rodata	0014deac	L_0014deac	uint L_0014deac
.rodata	0014deb0	L_0014deb0	uint L_0014deb0
.rodata	0014deb4	L_0014deb4	uint L_0014deb4
.rodata	0014deb8	L_0014deb8	uint L_0014deb8
.rodata	0014debc	L_0014debc	uint L_0014debc
.rodata	0014dec0	L_0014dec0	uint L_0014dec0
.rodata	0014dec4	L_0014dec4	uint L_0014dec4
.rodata	0014dec8	L_0014dec8	uint L_0014dec8
.rodata	0014decc	L_0014decc	uint L_0014decc
.rodata	0014ded0	L_0014ded0	uint L_0014ded0
.rodata	0014ded4	L_0014ded4	uint L_0014ded4
.rodata	0014ded8	L_0014ded8	uint L_0014ded8
.rodata	0014dedc	L_0014dedc	uint L_0014dedc
.rodata	0014dee0	L_0014dee0	uint L_0014dee0
.rodata	0014dee4	switchdataD_0014dee4	uint switchdataD_0014dee4
.rodata	0014dee8	L_0014dee8	uint L_0014dee8
.rodata	0014deec	L_0014deec	uint L_0014deec
.rodata	0014def0	L_0014def0	uint L_0014def0
.rodata	0014def4	L_0014def4	uint L_0014def4
.rodata	0014def8	L_0014def8	uint L_0014def8
.rodata	0014defc	L_0014defc	uint L_0014defc
.rodata	0014df00	L_0014df00	uint L_0014df00
.rodata	0014df04	L_0014df04	uint L_0014df04
.rodata	0014df08	L_0014df08	uint L_0014df08
.rodata	0014df0c	L_0014df0c	uint L_0014df0c
.rodata	0014df10	L_0014df10	uint L_0014df10
.rodata	0014df14	L_0014df14	uint L_0014df14
.rodata	0014df18	L_0014df18	uint L_0014df18
.rodata	0014df1c	L_0014df1c	uint L_0014df1c
.rodata	0014df20	L_0014df20	uint L_0014df20
.rodata	0014df24	L_0014df24	uint L_0014df24
.rodata	0014df28	L_0014df28	uint L_0014df28
.rodata	0014df2c	L_0014df2c	uint L_0014df2c
.rodata	0014df30	L_0014df30	uint L_0014df30
.rodata	0014df34	L_0014df34	uint L_0014df34
.rodata	0014df38	L_0014df38	uint L_0014df38
.rodata	0014df3c	L_0014df3c	uint L_0014df3c
.rodata	0014df40	L_0014df40	uint L_0014df40
.rodata	0014df44	L_0014df44	uint L_0014df44
.rodata	0014df48	L_0014df48	uint L_0014df48
.rodata	0014df4c	L_0014df4c	uint L_0014df4c
.rodata	0014df50	L_0014df50	uint L_0014df50
.rodata	0014df54	L_0014df54	uint L_0014df54
.rodata	0014df58	L_0014df58	uint L_0014df58
.rodata	0014df5c	L_0014df5c	uint L_0014df5c
.rodata	0014df60	L_0014df60	uint L_0014df60
.rodata	0014df64	L_0014df64	uint L_0014df64
.rodata	0014df68	L_0014df68	uint L_0014df68
.rodata	0014df6c	L_0014df6c	uint L_0014df6c
.rodata	0014df70	L_0014df70	uint L_0014df70
.rodata	0014df74	L_0014df74	uint L_0014df74
.rodata	0014df78	L_0014df78	uint L_0014df78
.rodata	0014df7c	L_0014df7c	uint L_0014df7c
.rodata	0014df80	L_0014df80	uint L_0014df80
.rodata	0014df84	L_0014df84	uint L_0014df84
.rodata	0014df88	L_0014df88	uint L_0014df88
.rodata	0014df8c	L_0014df8c	uint L_0014df8c
.rodata	0014df90	L_0014df90	uint L_0014df90
.rodata	0014df94	L_0014df94	uint L_0014df94
.rodata	0014df98	L_0014df98	uint L_0014df98
.rodata	0014df9c	L_0014df9c	uint L_0014df9c
.rodata	0014dfa0	L_0014dfa0	uint L_0014dfa0
.rodata	0014dfa4	L_0014dfa4	uint L_0014dfa4
.rodata	0014dfa8	L_0014dfa8	uint L_0014dfa8
.rodata	0014dfac	L_0014dfac	uint L_0014dfac
.rodata	0014dfb0	L_0014dfb0	uint L_0014dfb0
.rodata	0014dfb4	L_0014dfb4	uint L_0014dfb4
.rodata	0014dfb8	L_0014dfb8	uint L_0014dfb8
.rodata	0014dfbc	L_0014dfbc	uint L_0014dfbc
.rodata	0014dfc0	L_0014dfc0	uint L_0014dfc0
.rodata	0014dfc4	L_0014dfc4	uint L_0014dfc4
.rodata	0014dfc8	L_0014dfc8	uint L_0014dfc8
.rodata	0014dfcc	L_0014dfcc	uint L_0014dfcc
.rodata	0014dfd0	L_0014dfd0	uint L_0014dfd0
.rodata	0014dfd4	L_0014dfd4	uint L_0014dfd4
.rodata	0014dfd8	L_0014dfd8	uint L_0014dfd8
.rodata	0014dfdc	L_0014dfdc	uint L_0014dfdc
.rodata	0014dfe0	L_0014dfe0	uint L_0014dfe0
.rodata	0014dfe4	L_0014dfe4	uint L_0014dfe4
.rodata	0014dfe8	L_0014dfe8	uint L_0014dfe8
.rodata	0014dfec	L_0014dfec	uint L_0014dfec
.rodata	0014dff0	L_0014dff0	uint L_0014dff0
.rodata	0014dff4	L_0014dff4	uint L_0014dff4
.rodata	0014dff8	L_0014dff8	uint L_0014dff8
.rodata	0014dffc	L_0014dffc	uint L_0014dffc
.rodata	0014e000	L_0014e000	uint L_0014e000
.rodata	0014e004	UINT_0014e004	uint UINT_0014e004
.rodata	0014e008	L_0014e008	uint L_0014e008
.rodata	0014e00c	L_0014e00c	uint L_0014e00c
.rodata	0014e010	L_0014e010	uint L_0014e010
.rodata	0014e014	L_0014e014	uint L_0014e014
.rodata	0014e018	L_0014e018	uint L_0014e018
.rodata	0014e01c	L_0014e01c	uint L_0014e01c
.rodata	0014e020	L_0014e020	uint L_0014e020
.rodata	0014e024	L_0014e024	uint L_0014e024
.rodata	0014e028	L_0014e028	uint L_0014e028
.rodata	0014e02c	L_0014e02c	uint L_0014e02c
.rodata	0014e030	L_0014e030	uint L_0014e030
.rodata	0014e034	L_0014e034	uint L_0014e034
.rodata	0014e038	L_0014e038	uint L_0014e038
.rodata	0014e03c	L_0014e03c	uint L_0014e03c
.rodata	0014e040	L_0014e040	uint L_0014e040
.rodata	0014e044	L_0014e044	uint L_0014e044
.rodata	0014e048	L_0014e048	uint L_0014e048
.rodata	0014e04c	L_0014e04c	uint L_0014e04c
.rodata	0014e050	L_0014e050	uint L_0014e050
.rodata	0014e054	L_0014e054	uint L_0014e054
.rodata	0014e058	L_0014e058	uint L_0014e058
.rodata	0014e05c	L_0014e05c	uint L_0014e05c
.rodata	0014e060	L_0014e060	uint L_0014e060
.rodata	0014e064	L_0014e064	uint L_0014e064
.rodata	0014e068	L_0014e068	uint L_0014e068
.rodata	0014e06c	L_0014e06c	uint L_0014e06c
.rodata	0014e070	L_0014e070	uint L_0014e070
.rodata	0014e074	L_0014e074	uint L_0014e074
.rodata	0014e078	L_0014e078	uint L_0014e078
.rodata	0014e07c	L_0014e07c	uint L_0014e07c
.rodata	0014e080	switchdataD_0014e080	uint switchdataD_0014e080
.rodata	0014e084	L_0014e084	uint L_0014e084
.rodata	0014e088	L_0014e088	uint L_0014e088
.rodata	0014e08c	L_0014e08c	uint L_0014e08c
.rodata	0014e090	L_0014e090	uint L_0014e090
.rodata	0014e094	L_0014e094	uint L_0014e094
.rodata	0014e098	L_0014e098	uint L_0014e098
.rodata	0014e09c	L_0014e09c	uint L_0014e09c
.rodata	0014e0a0	L_0014e0a0	uint L_0014e0a0
.rodata	0014e0a4	L_0014e0a4	uint L_0014e0a4
.rodata	0014e0a8	L_0014e0a8	uint L_0014e0a8
.rodata	0014e0ac	L_0014e0ac	uint L_0014e0ac
.rodata	0014e0b0	L_0014e0b0	uint L_0014e0b0
.rodata	0014e0b4	L_0014e0b4	uint L_0014e0b4
.rodata	0014e0b8	L_0014e0b8	uint L_0014e0b8
.rodata	0014e0bc	L_0014e0bc	uint L_0014e0bc
.rodata	0014e0c0	L_0014e0c0	uint L_0014e0c0
.rodata	0014e0c4	L_0014e0c4	uint L_0014e0c4
.rodata	0014e0c8	L_0014e0c8	uint L_0014e0c8
.rodata	0014e0cc	L_0014e0cc	uint L_0014e0cc
.rodata	0014e0d0	L_0014e0d0	uint L_0014e0d0
.rodata	0014e0d4	L_0014e0d4	uint L_0014e0d4
.rodata	0014e0d8	L_0014e0d8	uint L_0014e0d8
.rodata	0014e0dc	L_0014e0dc	uint L_0014e0dc
.rodata	0014e0e0	L_0014e0e0	uint L_0014e0e0
.rodata	0014e0e4	L_0014e0e4	uint L_0014e0e4
.rodata	0014e0e8	L_0014e0e8	uint L_0014e0e8
.rodata	0014e0ec	L_0014e0ec	uint L_0014e0ec
.rodata	0014e0f0	L_0014e0f0	uint L_0014e0f0
.rodata	0014e0f4	L_0014e0f4	uint L_0014e0f4
.rodata	0014e0f8	L_0014e0f8	uint L_0014e0f8
.rodata	0014e0fc	L_0014e0fc	uint L_0014e0fc
.rodata	0014e100	L_0014e100	uint L_0014e100
.rodata	0014e104	L_0014e104	uint L_0014e104
.rodata	0014e108	L_0014e108	uint L_0014e108
.rodata	0014e10c	L_0014e10c	uint L_0014e10c
.rodata	0014e110	L_0014e110	uint L_0014e110
.rodata	0014e114	L_0014e114	uint L_0014e114
.rodata	0014e118	L_0014e118	uint L_0014e118
.rodata	0014e11c	L_0014e11c	uint L_0014e11c
.rodata	0014e120	L_0014e120	uint L_0014e120
.rodata	0014e124	L_0014e124	uint L_0014e124
.rodata	0014e128	L_0014e128	uint L_0014e128
.rodata	0014e12c	L_0014e12c	uint L_0014e12c
.rodata	0014e130	L_0014e130	uint L_0014e130
.rodata	0014e134	L_0014e134	uint L_0014e134
.rodata	0014e138	L_0014e138	uint L_0014e138
.rodata	0014e140	TraceScreenEvents	wchar_t TraceScreenEvents[5]
.rodata	0014e154	Platform_numberOfSignals	uint Platform_numberOfSignals
.rodata	0014e158	Platform_numberOfDefaultScreens	uint Platform_numberOfDefaultScreens
.rodata	0014e160	switchdataD_0014e160	uint switchdataD_0014e160
.rodata	0014e164	L_0014e164	uint L_0014e164
.rodata	0014e168	L_0014e168	uint L_0014e168
.rodata	0014e16c	L_0014e16c	uint L_0014e16c
.rodata	0014e170	L_0014e170	uint L_0014e170
.rodata	0014e174	L_0014e174	uint L_0014e174
.rodata	0014e178	L_0014e178	uint L_0014e178
.rodata	0014e17c	L_0014e17c	uint L_0014e17c
.rodata	0014e180	L_0014e180	uint L_0014e180
.rodata	0014e184	L_0014e184	uint L_0014e184
.rodata	0014e188	L_0014e188	uint L_0014e188
.rodata	0014e18c	L_0014e18c	uint L_0014e18c
.rodata	0014e190	L_0014e190	uint L_0014e190
.rodata	0014e194	L_0014e194	uint L_0014e194
.rodata	0014e198	L_0014e198	uint L_0014e198
.rodata	0014e19c	L_0014e19c	uint L_0014e19c
.rodata	0014e1a0	L_0014e1a0	uint L_0014e1a0
.rodata	0014e1a4	L_0014e1a4	uint L_0014e1a4
.rodata	0014e1a8	L_0014e1a8	uint L_0014e1a8
.rodata	0014e1ac	L_0014e1ac	uint L_0014e1ac
.rodata	0014e1b0	L_0014e1b0	uint L_0014e1b0
.rodata	0014e1b4	L_0014e1b4	uint L_0014e1b4
.rodata	0014e1b8	L_0014e1b8	uint L_0014e1b8
.rodata	0014e1bc	L_0014e1bc	uint L_0014e1bc
.rodata	0014e1c0	L_0014e1c0	uint L_0014e1c0
.rodata	0014e1c4	switchdataD_0014e1c4	uint switchdataD_0014e1c4
.rodata	0014e1c8	L_0014e1c8	uint L_0014e1c8
.rodata	0014e1cc	L_0014e1cc	uint L_0014e1cc
.rodata	0014e1d0	L_0014e1d0	uint L_0014e1d0
.rodata	0014e1d4	L_0014e1d4	uint L_0014e1d4
.rodata	0014e1d8	L_0014e1d8	uint L_0014e1d8
.rodata	0014e1dc	L_0014e1dc	uint L_0014e1dc
.rodata	0014e1e0	L_0014e1e0	uint L_0014e1e0
.rodata	0014e1e4	L_0014e1e4	uint L_0014e1e4
.rodata	0014e1e8	L_0014e1e8	uint L_0014e1e8
.rodata	0014e1ec	L_0014e1ec	uint L_0014e1ec
.rodata	0014e1f0	L_0014e1f0	uint L_0014e1f0
.rodata	0014e1f4	L_0014e1f4	uint L_0014e1f4
.rodata	0014e1f8	L_0014e1f8	uint L_0014e1f8
.rodata	0014e1fc	L_0014e1fc	uint L_0014e1fc
.rodata	0014e200	L_0014e200	uint L_0014e200
.rodata	0014e204	L_0014e204	uint L_0014e204
.rodata	0014e208	L_0014e208	uint L_0014e208
.rodata	0014e20c	L_0014e20c	uint L_0014e20c
.rodata	0014e210	L_0014e210	uint L_0014e210
.rodata	0014e214	L_0014e214	uint L_0014e214
.rodata	0014e218	switchdataD_0014e218	uint switchdataD_0014e218
.rodata	0014e21c	L_0014e21c	uint L_0014e21c
.rodata	0014e220	L_0014e220	uint L_0014e220
.rodata	0014e224	L_0014e224	uint L_0014e224
.rodata	0014e228	L_0014e228	uint L_0014e228
.rodata	0014e22c	L_0014e22c	uint L_0014e22c
.rodata	0014e230	L_0014e230	uint L_0014e230
.rodata	0014e234	L_0014e234	uint L_0014e234
.rodata	0014e238	L_0014e238	uint L_0014e238
.rodata	0014e23c	L_0014e23c	uint L_0014e23c
.rodata	0014e240	L_0014e240	uint L_0014e240
.rodata	0014e244	L_0014e244	uint L_0014e244
.rodata	0014e248	L_0014e248	uint L_0014e248
.rodata	0014e24c	L_0014e24c	uint L_0014e24c
.rodata	0014e250	L_0014e250	uint L_0014e250
.rodata	0014e254	L_0014e254	uint L_0014e254
.rodata	0014e258	L_0014e258	uint L_0014e258
.rodata	0014e25c	L_0014e25c	uint L_0014e25c
.rodata	0014e260	L_0014e260	uint L_0014e260
.rodata	0014e264	L_0014e264	uint L_0014e264
.rodata	0014e268	L_0014e268	uint L_0014e268
.rodata	0014e26c	L_0014e26c	uint L_0014e26c
.rodata	0014e270	L_0014e270	uint L_0014e270
.rodata	0014e274	L_0014e274	uint L_0014e274
.rodata	0014e278	L_0014e278	uint L_0014e278
.rodata	0014e27c	L_0014e27c	uint L_0014e27c
.rodata	0014e280	L_0014e280	uint L_0014e280
.rodata	0014e284	L_0014e284	uint L_0014e284
.rodata	0014e288	L_0014e288	uint L_0014e288
.rodata	0014e28c	L_0014e28c	uint L_0014e28c
.rodata	0014e290	L_0014e290	uint L_0014e290
.rodata	0014e294	L_0014e294	uint L_0014e294
.rodata	0014e298	L_0014e298	uint L_0014e298
.rodata	0014e29c	L_0014e29c	uint L_0014e29c
.rodata	0014e2a0	L_0014e2a0	uint L_0014e2a0
.rodata	0014e2a4	L_0014e2a4	uint L_0014e2a4
.rodata	0014e2a8	L_0014e2a8	uint L_0014e2a8
.rodata	0014e2ac	L_0014e2ac	uint L_0014e2ac
.rodata	0014e2b0	L_0014e2b0	uint L_0014e2b0
.rodata	0014e2b4	L_0014e2b4	uint L_0014e2b4
.rodata	0014e2b8	L_0014e2b8	uint L_0014e2b8
.rodata	0014e2bc	L_0014e2bc	uint L_0014e2bc
.rodata	0014e2c0	L_0014e2c0	uint L_0014e2c0
.rodata	0014e2c4	L_0014e2c4	uint L_0014e2c4
.rodata	0014e2c8	L_0014e2c8	uint L_0014e2c8
.rodata	0014e2cc	L_0014e2cc	uint L_0014e2cc
.rodata	0014e2d0	L_0014e2d0	uint L_0014e2d0
.rodata	0014e2d4	L_0014e2d4	uint L_0014e2d4
.rodata	0014e2d8	L_0014e2d8	uint L_0014e2d8
.rodata	0014e2dc	L_0014e2dc	uint L_0014e2dc
.rodata	0014e2e0	L_0014e2e0	uint L_0014e2e0
.rodata	0014e2e4	L_0014e2e4	uint L_0014e2e4
.rodata	0014e2e8	L_0014e2e8	uint L_0014e2e8
.rodata	0014e2ec	L_0014e2ec	uint L_0014e2ec
.rodata	0014e2f0	L_0014e2f0	uint L_0014e2f0
.rodata	0014e2f4	L_0014e2f4	uint L_0014e2f4
.rodata	0014e2f8	L_0014e2f8	uint L_0014e2f8
.rodata	0014e2fc	L_0014e2fc	uint L_0014e2fc
.rodata	0014e300	L_0014e300	uint L_0014e300
.rodata	0014e304	L_0014e304	uint L_0014e304
.rodata	0014e308	L_0014e308	uint L_0014e308
.rodata	0014e30c	L_0014e30c	uint L_0014e30c
.rodata	0014e310	L_0014e310	uint L_0014e310
.rodata	0014e314	L_0014e314	uint L_0014e314
.rodata	0014e318	L_0014e318	uint L_0014e318
.rodata	0014e31c	L_0014e31c	uint L_0014e31c
.rodata	0014e320	L_0014e320	uint L_0014e320
.rodata	0014e324	L_0014e324	uint L_0014e324
.rodata	0014e328	L_0014e328	uint L_0014e328
.rodata	0014e32c	L_0014e32c	uint L_0014e32c
.rodata	0014e330	L_0014e330	uint L_0014e330
.rodata	0014e334	L_0014e334	uint L_0014e334
.rodata	0014e338	L_0014e338	uint L_0014e338
.rodata	0014e33c	L_0014e33c	uint L_0014e33c
.rodata	0014e340	L_0014e340	uint L_0014e340
.rodata	0014e344	L_0014e344	uint L_0014e344
.rodata	0014e348	L_0014e348	uint L_0014e348
.rodata	0014e34c	L_0014e34c	uint L_0014e34c
.rodata	0014e350	L_0014e350	uint L_0014e350
.rodata	0014e354	L_0014e354	uint L_0014e354
.rodata	0014e358	L_0014e358	uint L_0014e358
.rodata	0014e35c	L_0014e35c	uint L_0014e35c
.rodata	0014e360	L_0014e360	uint L_0014e360
.rodata	0014e364	L_0014e364	uint L_0014e364
.rodata	0014e368	L_0014e368	uint L_0014e368
.rodata	0014e36c	L_0014e36c	uint L_0014e36c
.rodata	0014e370	L_0014e370	uint L_0014e370
.rodata	0014e374	L_0014e374	uint L_0014e374
.rodata	0014e378	L_0014e378	uint L_0014e378
.rodata	0014e37c	L_0014e37c	uint L_0014e37c
.rodata	0014e380	L_0014e380	uint L_0014e380
.rodata	0014e384	L_0014e384	uint L_0014e384
.rodata	0014e388	L_0014e388	uint L_0014e388
.rodata	0014e38c	L_0014e38c	uint L_0014e38c
.rodata	0014e390	L_0014e390	uint L_0014e390
.rodata	0014e394	L_0014e394	uint L_0014e394
.rodata	0014e398	L_0014e398	uint L_0014e398
.rodata	0014e39c	L_0014e39c	uint L_0014e39c
.rodata	0014e3a0	L_0014e3a0	uint L_0014e3a0
.rodata	0014e3a4	L_0014e3a4	uint L_0014e3a4
.rodata	0014e3a8	L_0014e3a8	uint L_0014e3a8
.rodata	0014e3ac	L_0014e3ac	uint L_0014e3ac
.rodata	0014e3b0	L_0014e3b0	uint L_0014e3b0
.rodata	0014e3b4	L_0014e3b4	uint L_0014e3b4
.rodata	0014e3b8	L_0014e3b8	uint L_0014e3b8
.rodata	0014e3bc	L_0014e3bc	uint L_0014e3bc
.rodata	0014e3c0	L_0014e3c0	uint L_0014e3c0
.rodata	0014e3c4	L_0014e3c4	uint L_0014e3c4
.rodata	0014e3c8	L_0014e3c8	uint L_0014e3c8
.rodata	0014e3cc	L_0014e3cc	uint L_0014e3cc
.rodata	0014e3d0	L_0014e3d0	uint L_0014e3d0
.rodata	0014e3d4	L_0014e3d4	uint L_0014e3d4
.rodata	0014e3d8	L_0014e3d8	uint L_0014e3d8
.rodata	0014e3dc	L_0014e3dc	uint L_0014e3dc
.rodata	0014e3e0	L_0014e3e0	uint L_0014e3e0
.rodata	0014e3e4	L_0014e3e4	uint L_0014e3e4
.rodata	0014e3e8	L_0014e3e8	uint L_0014e3e8
.rodata	0014e3ec	L_0014e3ec	uint L_0014e3ec
.rodata	0014e3f0	L_0014e3f0	uint L_0014e3f0
.rodata	0014e3f4	L_0014e3f4	uint L_0014e3f4
.rodata	0014e3f8	L_0014e3f8	uint L_0014e3f8
.rodata	0014e3fc	switchdataD_0014e3fc	uint switchdataD_0014e3fc
.rodata	0014e400	L_0014e400	uint L_0014e400
.rodata	0014e404	L_0014e404	uint L_0014e404
.rodata	0014e408	L_0014e408	uint L_0014e408
.rodata	0014e40c	L_0014e40c	uint L_0014e40c
.rodata	0014e410	L_0014e410	uint L_0014e410
.rodata	0014e414	L_0014e414	uint L_0014e414
.rodata	0014e418	L_0014e418	uint L_0014e418
.rodata	0014e41c	L_0014e41c	uint L_0014e41c
.rodata	0014e420	L_0014e420	uint L_0014e420
.rodata	0014e424	L_0014e424	uint L_0014e424
.rodata	0014e428	L_0014e428	uint L_0014e428
.rodata	0014e42c	L_0014e42c	uint L_0014e42c
.rodata	0014e430	L_0014e430	uint L_0014e430
.rodata	0014e434	L_0014e434	uint L_0014e434
.rodata	0014e438	L_0014e438	uint L_0014e438
.rodata	0014e43c	L_0014e43c	uint L_0014e43c
.rodata	0014e440	L_0014e440	uint L_0014e440
.rodata	0014e444	L_0014e444	uint L_0014e444
.rodata	0014e448	L_0014e448	uint L_0014e448
.rodata	0014e44c	L_0014e44c	uint L_0014e44c
.rodata	0014e450	L_0014e450	uint L_0014e450
.rodata	0014e454	L_0014e454	uint L_0014e454
.rodata	0014e458	L_0014e458	uint L_0014e458
.rodata	0014e45c	L_0014e45c	uint L_0014e45c
.rodata	0014e460	L_0014e460	uint L_0014e460
.rodata	0014e464	L_0014e464	uint L_0014e464
.rodata	0014e468	L_0014e468	uint L_0014e468
.rodata	0014e46c	L_0014e46c	uint L_0014e46c
.rodata	0014e470	L_0014e470	uint L_0014e470
.rodata	0014e474	L_0014e474	uint L_0014e474
.rodata	0014e478	L_0014e478	uint L_0014e478
.rodata	0014e47c	L_0014e47c	uint L_0014e47c
.rodata	0014e480	L_0014e480	uint L_0014e480
.rodata	0014e484	L_0014e484	uint L_0014e484
.rodata	0014e488	L_0014e488	uint L_0014e488
.rodata	0014e48c	L_0014e48c	uint L_0014e48c
.rodata	0014e490	L_0014e490	uint L_0014e490
.rodata	0014e494	L_0014e494	uint L_0014e494
.rodata	0014e498	L_0014e498	uint L_0014e498
.rodata	0014e49c	L_0014e49c	uint L_0014e49c
.rodata	0014e4a0	L_0014e4a0	uint L_0014e4a0
.rodata	0014e4a4	L_0014e4a4	uint L_0014e4a4
.rodata	0014e4a8	L_0014e4a8	uint L_0014e4a8
.rodata	0014e4ac	L_0014e4ac	uint L_0014e4ac
.rodata	0014e4b0	L_0014e4b0	uint L_0014e4b0
.rodata	0014e4b4	L_0014e4b4	uint L_0014e4b4
.rodata	0014e4b8	L_0014e4b8	uint L_0014e4b8
.rodata	0014e4bc	L_0014e4bc	uint L_0014e4bc
.rodata	0014e4c0	L_0014e4c0	uint L_0014e4c0
.rodata	0014e4c4	L_0014e4c4	uint L_0014e4c4
.rodata	0014e4c8	L_0014e4c8	uint L_0014e4c8
.rodata	0014e4cc	L_0014e4cc	uint L_0014e4cc
.rodata	0014e4d0	L_0014e4d0	uint L_0014e4d0
.rodata	0014e4d4	L_0014e4d4	uint L_0014e4d4
.rodata	0014e4d8	L_0014e4d8	uint L_0014e4d8
.rodata	0014e4dc	L_0014e4dc	uint L_0014e4dc
.rodata	0014e4e0	L_0014e4e0	uint L_0014e4e0
.rodata	0014e4e4	L_0014e4e4	uint L_0014e4e4
.rodata	0014e4e8	L_0014e4e8	uint L_0014e4e8
.rodata	0014e4ec	L_0014e4ec	uint L_0014e4ec
.rodata	0014e4f0	L_0014e4f0	uint L_0014e4f0
.rodata	0014e4f4	L_0014e4f4	uint L_0014e4f4
.rodata	0014e4f8	L_0014e4f8	uint L_0014e4f8
.rodata	0014e4fc	L_0014e4fc	uint L_0014e4fc
.rodata	0014e500	L_0014e500	uint L_0014e500
.rodata	0014e504	L_0014e504	uint L_0014e504
.rodata	0014e508	L_0014e508	uint L_0014e508
.rodata	0014e50c	L_0014e50c	uint L_0014e50c
.rodata	0014e510	L_0014e510	uint L_0014e510
.rodata	0014e514	L_0014e514	uint L_0014e514
.rodata	0014e518	L_0014e518	uint L_0014e518
.rodata	0014e51c	L_0014e51c	uint L_0014e51c
.rodata	0014e520	L_0014e520	uint L_0014e520
.rodata	0014e524	L_0014e524	uint L_0014e524
.rodata	0014e528	L_0014e528	uint L_0014e528
.rodata	0014e52c	L_0014e52c	uint L_0014e52c
.rodata	0014e530	L_0014e530	uint L_0014e530
.rodata	0014e534	L_0014e534	uint L_0014e534
.rodata	0014e538	L_0014e538	uint L_0014e538
.rodata	0014e53c	L_0014e53c	uint L_0014e53c
.rodata	0014e540	L_0014e540	uint L_0014e540
.rodata	0014e544	L_0014e544	uint L_0014e544
.rodata	0014e548	L_0014e548	uint L_0014e548
.rodata	0014e54c	L_0014e54c	uint L_0014e54c
.rodata	0014e550	L_0014e550	uint L_0014e550
.rodata	0014e554	L_0014e554	uint L_0014e554
.rodata	0014e558	L_0014e558	uint L_0014e558
.rodata	0014e55c	L_0014e55c	uint L_0014e55c
.rodata	0014e560	L_0014e560	uint L_0014e560
.rodata	0014e564	L_0014e564	uint L_0014e564
.rodata	0014e568	L_0014e568	uint L_0014e568
.rodata	0014e56c	L_0014e56c	uint L_0014e56c
.rodata	0014e570	L_0014e570	uint L_0014e570
.rodata	0014e574	L_0014e574	uint L_0014e574
.rodata	0014e578	L_0014e578	uint L_0014e578
.rodata	0014e57c	L_0014e57c	uint L_0014e57c
.rodata	0014e580	L_0014e580	uint L_0014e580
.rodata	0014e584	L_0014e584	uint L_0014e584
.rodata	0014e588	L_0014e588	uint L_0014e588
.rodata	0014e58c	L_0014e58c	uint L_0014e58c
.rodata	0014e590	L_0014e590	uint L_0014e590
.rodata	0014e594	L_0014e594	uint L_0014e594
.rodata	0014e598	L_0014e598	uint L_0014e598
.rodata	0014e59c	L_0014e59c	uint L_0014e59c
.rodata	0014e5a0	L_0014e5a0	uint L_0014e5a0
.rodata	0014e5a4	L_0014e5a4	uint L_0014e5a4
.rodata	0014e5a8	L_0014e5a8	uint L_0014e5a8
.rodata	0014e5ac	L_0014e5ac	uint L_0014e5ac
.rodata	0014e5b0	L_0014e5b0	uint L_0014e5b0
.rodata	0014e5b4	L_0014e5b4	uint L_0014e5b4
.rodata	0014e5b8	L_0014e5b8	uint L_0014e5b8
.rodata	0014e5bc	L_0014e5bc	uint L_0014e5bc
.rodata	0014e5c0	L_0014e5c0	uint L_0014e5c0
.rodata	0014e5c4	L_0014e5c4	uint L_0014e5c4
.rodata	0014e5c8	L_0014e5c8	uint L_0014e5c8
.rodata	0014e5cc	L_0014e5cc	uint L_0014e5cc
.rodata	0014e5d0	L_0014e5d0	uint L_0014e5d0
.rodata	0014e5e0	CSWTCH_143	undefined CSWTCH_143
.data.rel.ro	00155c00	FunctionBar_FKeys	char *FunctionBar_FKeys[11]
.data.rel.ro	00155c60	FunctionBar_FLabels	char *FunctionBar_FLabels[11]
.data.rel.ro	00155c68	FunctionBar_FLabels[1]	
.data.rel.ro	00155cc0	DisplayOptionsFunctions	char *DisplayOptionsFunctions[11]
.data.rel.ro	00155d20	CRT_treeStrAscii	char *CRT_treeStrAscii[8]
.data.rel.ro	00155d28	CRT_treeStrAscii[1]	
.data.rel.ro	00155d40	CRT_treeStrAscii[4]	
.data.rel.ro	00155d48	CRT_treeStrAscii[5]	
.data.rel.ro	00155d50	CRT_treeStrAscii[6]	
.data.rel.ro	00155d60	CRT_treeStrUtf8	char *CRT_treeStrUtf8[8]
.data.rel.ro	00155da0	Meter_modes	MeterMode *Meter_modes[6]
.data.rel.ro	00155de0	ColumnsFunctions	char *ColumnsFunctions[11]
.data.rel.ro	00155e40	ColorsFunctions	char *ColorsFunctions[11]
.data.rel.ro	00155ea0	ColorSchemeNames	char *ColorSchemeNames[8]
.data.rel.ro	00155ea8	ColorSchemeNames[1]	
.data.rel.ro	00155eb0	ColorSchemeNames[2]	
.data.rel.ro	00155eb8	ColorSchemeNames[3]	
.data.rel.ro	00155ee0	CategoriesFunctions	char *CategoriesFunctions[11]
.data.rel.ro	00155f40	categoriesPanelPages	CategoriesPanelPage categoriesPanelPages[5]
.data.rel.ro	00155f50	categoriesPanelPages[1].name	
.data.rel.ro	00155f90	DAT_00155f90	undefined DAT_00155f90
.data.rel.ro	00155fa0	HeaderLayout_layouts	struct anon_struct_24_4_85c7b288 HeaderLayout_layouts[12]
.data.rel.ro	00155fa2	HeaderLayout_layouts[0].widths[1]	
.data.rel.ro	00155fa3	HeaderLayout_layouts[0].widths[2]	
.data.rel.ro	00155fa8	HeaderLayout_layouts[0].name	
.data.rel.ro	00155fb0	HeaderLayout_layouts[0].description	
.data.rel.ro	00155fc0	HeaderLayout_layouts[1].name	
.data.rel.ro	00155fc8	HeaderLayout_layouts[1].description	
.data.rel.ro	001560c0	AvailableColumnsFunctions	char *AvailableColumnsFunctions[11]
.data.rel.ro	001560d0	AvailableColumnsFunctions[2]	
.data.rel.ro	00156120	MaskItem_class	ObjectClass MaskItem_class
.data.rel.ro	00156140	AffinityPanelKeys	char *AffinityPanelKeys[5]
.data.rel.ro	00156170	AffinityPanelFunctions	char *AffinityPanelFunctions[3]
.data.rel.ro	001561a0	helpRight	struct anon_struct_24_3_caff484e helpRight[19]
.data.rel.ro	001561a8	helpRight[0].roInactive	
.data.rel.ro	001561b0	helpRight[0].info	
.data.rel.ro	001561b8	helpRight[1].key	
.data.rel.ro	001561c0	helpRight[1].roInactive	
.data.rel.ro	00156380	helpLeft	struct anon_struct_24_3_caff484e helpLeft[20]
.data.rel.ro	00156388	helpLeft[0].roInactive	
.data.rel.ro	00156390	helpLeft[0].info	
.data.rel.ro	00156398	helpLeft[1].key	
.data.rel.ro	001563a0	helpLeft[1].roInactive	
.data.rel.ro	001563a8	helpLeft[1].info	
.data.rel.ro	00156560	policies	struct SchedulingPolicy policies[6]
.data.rel.ro	00156568	policies[0].id	
.data.rel.ro	0015656c	policies[0].prioritySupport	
.data.rel.ro	00156570	policies[1].name	
.data.rel.ro	00156578	policies[1].id	
.data.rel.ro	001565c0	FunctionBar_EnterEscKeys	char *FunctionBar_EnterEscKeys[3]
.data.rel.ro	001565e0	Process_fields	ProcessFieldData Process_fields[132]
.data.rel.ro	001565e8	Process_fields[0].title	
.data.rel.ro	001565f8	Process_fields[0].flags	
.data.rel.ro	001565fc	Process_fields[0].pidColumn	
.data.rel.ro	001565fd	Process_fields[0].defaultSortDesc	
.data.rel.ro	001565fe	Process_fields[0].autoWidth	
.data.rel.ro	00156600	Process_fields[1].name	
.data.rel.ro	00156608	Process_fields[1].title	
.data.rel.ro	00156610	Process_fields[1].description	
.data.rel.ro	0015661d	Process_fields[1].defaultSortDesc	
.data.rel.ro	0015661e	Process_fields[1].autoWidth	
.data.rel.ro	00156620	Process_fields[2].name	
.data.rel.ro	00156630	Process_fields[2].description	
.data.rel.ro	00156640	Process_fields[3].name	
.data.rel.ro	00156650	Process_fields[3].description	
.data.rel.ro	00157660	MetersMovingKeys	char *MetersMovingKeys[9]
.data.rel.ro	001576c0	MetersMovingFunctions	char *MetersMovingFunctions[10]
.data.rel.ro	00157720	MetersKeys	char *MetersKeys[5]
.data.rel.ro	00157760	MetersFunctions	char *MetersFunctions[6]
.data.rel.ro	001577a0	LEDMeterMode_digitsAscii	char *LEDMeterMode_digitsAscii[30]
.data.rel.ro	001578a0	LEDMeterMode_digitsUtf8	char *LEDMeterMode_digitsUtf8[30]
.data.rel.ro	001579a0	GraphMeterMode_dotsAscii	char *GraphMeterMode_dotsAscii[9]
.data.rel.ro	00157a00	GraphMeterMode_dotsUtf8	char *GraphMeterMode_dotsUtf8[25]
.data.rel.ro	00157ae0	MainFunctions_ro	char *MainFunctions_ro[11]
.data.rel.ro	00157b40	MainFunctions	char *MainFunctions[11]
.data.rel.ro	00157ba0	InfoScreenKeys	char *InfoScreenKeys[4]
.data.rel.ro	00157bc0	InfoScreenFunctions	char *InfoScreenFunctions[5]
.data.rel.ro	00157c00	searchKeys	char *searchKeys[4]
.data.rel.ro	00157c20	searchFunctions	char *searchFunctions[5]
.data.rel.ro	00157c50	filterKeys	char *filterKeys[3]
.data.rel.ro	00157c80	filterFunctions	char *filterFunctions[4]
.data.rel.ro	00157ca0	HeaderOptionsFunctions	char *HeaderOptionsFunctions[11]
.data.rel.ro	00157d00	TraceScreenKeys	char *TraceScreenKeys[5]
.data.rel.ro	00157d40	TraceScreenFunctions	char *TraceScreenFunctions[6]
.data.rel.ro	00157d80	Platform_signals	SignalItem Platform_signals[34]
.data.rel.ro	00157d88	Platform_signals[0].number	
.data.rel.ro	00157d90	Platform_signals[1].name	
.data.rel.ro	00157d98	Platform_signals[1].number	
.data.rel.ro	00157fa0	Platform_defaultScreens	struct ScreenDefaults Platform_defaultScreens[2]
.data.rel.ro	00157fc0	Platform_defaultScreens[1].name	
.data.rel.ro	00157fe0	ScreenNamesFunctions	char *ScreenNamesFunctions[11]
.data.rel.ro	00158040	ScreenTabsFunctions	char *ScreenTabsFunctions[11]
.data.rel.ro	001580a0	ScreensFunctions	char *ScreensFunctions[11]
.data.rel.ro	00158100	DynamicFunctions	char *DynamicFunctions[11]
.data.rel.ro	00158160	tempDrivers_0	code *tempDrivers_0
.data.rel.ro	00158168	DAT_00158168	undefined4 DAT_00158168
.data.rel.ro	00158170	PTR_s_via_cputemp_00158170	code *PTR_s_via_cputemp_00158170
.data.rel.ro	001581c0	classes	struct anon_struct_16_2_f5102bc2 classes[3]
.data.rel.ro	001581d8	classes[1].name	
.data.rel.ro	00158200	HugePageMeter_labels	char *HugePageMeter_labels[24]
.data.rel.ro	00158208	HugePageMeter_labels[1]	
.data.rel.ro	001582c0	LinuxProcess_class	ProcessClass_2 LinuxProcess_class
.data.rel.ro	00158320	ProcessTable_class	TableClass ProcessTable_class
.data.rel.ro	00158360	Process_class	ProcessClass_2 Process_class
.data.rel.ro	001583c0	ZfsCompressedArcMeter_class	MeterClass_3 ZfsCompressedArcMeter_class
.data.rel.ro	00158460	ZfsArcMeter_class	MeterClass_3 ZfsArcMeter_class
.data.rel.ro	00158500	ZramMeter_class	MeterClass_3 ZramMeter_class
.data.rel.ro	001585a0	SystemdMeter_class	MeterClass_3 SystemdMeter_class
.data.rel.ro	00158640	SystemdUserMeter_class	MeterClass_3 SystemdUserMeter_class
.data.rel.ro	001586e0	SELinuxMeter_class	MeterClass_2 SELinuxMeter_class
.data.rel.ro	00158780	PressureStallCPUSomeMeter_class	MeterClass_3 PressureStallCPUSomeMeter_class
.data.rel.ro	00158820	PressureStallIOSomeMeter_class	MeterClass_3 PressureStallIOSomeMeter_class
.data.rel.ro	001588c0	PressureStallIOFullMeter_class	MeterClass_3 PressureStallIOFullMeter_class
.data.rel.ro	00158960	PressureStallIRQFullMeter_class	MeterClass_3 PressureStallIRQFullMeter_class
.data.rel.ro	00158a00	PressureStallMemorySomeMeter_class	MeterClass_3 PressureStallMemorySomeMeter_class
.data.rel.ro	00158aa0	PressureStallMemoryFullMeter_class	MeterClass_3 PressureStallMemoryFullMeter_class
.data.rel.ro	00158b40	HugePageMeter_class	MeterClass_3 HugePageMeter_class
.data.rel.ro	00158be0	UptimeMeter_class	MeterClass_3 UptimeMeter_class
.data.rel.ro	00158c80	TasksMeter_class	MeterClass_3 TasksMeter_class
.data.rel.ro	00158d20	SysArchMeter_class	MeterClass_3 SysArchMeter_class
.data.rel.ro	00158dc0	SwapMeter_class	MeterClass_3 SwapMeter_class
.data.rel.ro	00158e60	NetworkIOMeter_class	MeterClass_3 NetworkIOMeter_class
.data.rel.ro	00158f00	MemorySwapMeter_class	MeterClass_3 MemorySwapMeter_class
.data.rel.ro	00158fa0	MemoryMeter_class	MeterClass_3 MemoryMeter_class
.data.rel.ro	00159040	LoadAverageMeter_class	MeterClass_3 LoadAverageMeter_class
.data.rel.ro	001590e0	LoadMeter_class	MeterClass_3 LoadMeter_class
.data.rel.ro	00159180	HostnameMeter_class	MeterClass_3 HostnameMeter_class
.data.rel.ro	00159220	FileDescriptorMeter_class	MeterClass_3 FileDescriptorMeter_class
.data.rel.ro	001592c0	DiskIOMeter_class	MeterClass_3 DiskIOMeter_class
.data.rel.ro	00159360	DateTimeMeter_class	MeterClass_3 DateTimeMeter_class
.data.rel.ro	00159400	DateMeter_class	MeterClass_3 DateMeter_class
.data.rel.ro	001594a0	AllCPUsMeter_class	MeterClass_3 AllCPUsMeter_class
.data.rel.ro	00159540	AllCPUs2Meter_class	MeterClass_3 AllCPUs2Meter_class
.data.rel.ro	001595e0	LeftCPUsMeter_class	MeterClass_3 LeftCPUsMeter_class
.data.rel.ro	00159680	RightCPUsMeter_class	MeterClass_3 RightCPUsMeter_class
.data.rel.ro	00159720	LeftCPUs2Meter_class	MeterClass_3 LeftCPUs2Meter_class
.data.rel.ro	001597c0	RightCPUs2Meter_class	MeterClass_3 RightCPUs2Meter_class
.data.rel.ro	00159860	AllCPUs4Meter_class	MeterClass_3 AllCPUs4Meter_class
.data.rel.ro	00159900	LeftCPUs4Meter_class	MeterClass_3 LeftCPUs4Meter_class
.data.rel.ro	001599a0	RightCPUs4Meter_class	MeterClass_3 RightCPUs4Meter_class
.data.rel.ro	00159a40	AllCPUs8Meter_class	MeterClass_3 AllCPUs8Meter_class
.data.rel.ro	00159ae0	LeftCPUs8Meter_class	MeterClass_3 LeftCPUs8Meter_class
.data.rel.ro	00159b80	RightCPUs8Meter_class	MeterClass_3 RightCPUs8Meter_class
.data.rel.ro	00159c20	ClockMeter_class	MeterClass_3 ClockMeter_class
.data.rel.ro	00159c90	ClockMeter_class.name	
.data.rel.ro	00159c98	ClockMeter_class.uiName	
.data.rel.ro	00159ca8	ClockMeter_class.description	
.data.rel.ro	00159cc0	BatteryMeter_class	MeterClass_3 BatteryMeter_class
.data.rel.ro	00159d60	BlankMeter_class	MeterClass_3 BlankMeter_class
.data.rel.ro	00159e00	TraceScreen_class	InfoScreenClass TraceScreen_class
.data.rel.ro	00159e40	Table_class	TableClass Table_class
.data.rel.ro	00159e80	Row_class	RowClass_2 Row_class
.data.rel.ro	00159ee0	ProcessLocksScreen_class	InfoScreenClass_2 ProcessLocksScreen_class
.data.rel.ro	00159f20	OpenFilesScreen_class	InfoScreenClass OpenFilesScreen_class
.data.rel.ro	00159f60	MetersPanel_class	PanelClass_2 MetersPanel_class
.data.rel.ro	00159fa0	MainPanel_class	PanelClass MainPanel_class
.data.rel.ro	00159fe0	HeaderOptionsPanel_class	PanelClass_2 HeaderOptionsPanel_class
.data.rel.ro	0015a020	Meter_class	MeterClass_3 Meter_class
.data.rel.ro	0015a0c0	TextItem_class	OptionItemClass TextItem_class
.data.rel.ro	0015a100	NumberItem_class	OptionItemClass NumberItem_class
.data.rel.ro	0015a140	OptionItem_class	OptionItemClass OptionItem_class
.data.rel.ro	0015a180	DisplayOptionsPanel_class	PanelClass_2 DisplayOptionsPanel_class
.data.rel.ro	0015a1c0	ColumnsPanel_class	PanelClass_3 ColumnsPanel_class
.data.rel.ro	0015a200	CheckItem_class	OptionItemClass CheckItem_class
.data.rel.ro	0015a240	ColorsPanel_class	PanelClass_2 ColorsPanel_class
.data.rel.ro	0015a280	CategoriesPanel_class	PanelClass_2 CategoriesPanel_class
.data.rel.ro	0015a2c0	CPUMeter_class	MeterClass_3 CPUMeter_class
.data.rel.ro	0015a360	DynamicMeter_class	MeterClass_3 DynamicMeter_class
.data.rel.ro	0015a400	AvailableMetersPanel_class	PanelClass_2 AvailableMetersPanel_class
.data.rel.ro	0015a440	Platform_meterTypes	MeterClass *Platform_meterTypes[44]
.data.rel.ro	0015a448	Platform_meterTypes[1]	
.data.rel.ro	0015a450	Platform_meterTypes[2]	
.data.rel.ro	0015a458	Platform_meterTypes[3]	
.data.rel.ro	0015a5a0	AvailableColumnsPanel_class	PanelClass_2 AvailableColumnsPanel_class
.data.rel.ro	0015a5e0	AffinityPanel_class	PanelClass_2 AffinityPanel_class
.data.rel.ro	0015a620	CommandScreen_class	InfoScreenClass CommandScreen_class
.data.rel.ro	0015a660	EnvScreen_class	InfoScreenClass_2 EnvScreen_class
.data.rel.ro	0015a6a0	Panel_class	PanelClass_3 Panel_class
.data.rel.ro	0015a6b0	Panel_class.super.delete	
.data.rel.ro	0015a6c0	Panel_class.eventHandler	
.data.rel.ro	0015a6e0	ListItem_class	ObjectClass ListItem_class
.data	0015b000	data_start	undefined1 data_start
.data	0015b008	__dso_handle	code *__dso_handle
.data	0015b020	PTR_DAT_0015b020	code *PTR_DAT_0015b020
.data	0015b028	DAT_0015b028	undefined8 DAT_0015b028
.data	0015b220	FunctionBar_FEvents	wchar_t FunctionBar_FEvents[10]
.data	0015b248	status	MeterRateStatus status
.data	0015b260	CRT_colorSchemes	wchar_t CRT_colorSchemes[7][111]
.data	0015b264	CRT_colorSchemes[0][1]	
.data	0015b41c	CRT_colorSchemes[1][0]	
.data	0015bcc8	CRT_colorSchemes[6][0]	
.data	0015bccc	CRT_colorSchemes[6][1]	
.data	0015be84	CRT_scrollWheelVAmount	wchar_t CRT_scrollWheelVAmount
.data	0015be88	CRT_scrollHAmount	wchar_t CRT_scrollHAmount
.data	0015be8c	preSelectedSignal	wchar_t preSelectedSignal
.data	0015be90	preSelectedPriority	wchar_t preSelectedPriority
.data	0015bea0	LEDMeterMode	MeterMode LEDMeterMode
.data	0015bec0	GraphMeterMode	MeterMode GraphMeterMode
.data	0015bee0	TextMeterMode	MeterMode TextMeterMode
.data	0015bf00	BarMeterMode	MeterMode BarMeterMode
.data	0015bf10	BarMeterMode.h	
.data	0015bf18	program	char *program
.data	0015bf20	CRT_treeStr	char **CRT_treeStr
.data	0015bf40	ScreenTabsPanel_class	PanelClass_2 ScreenTabsPanel_class
.data	0015bf80	ScreenNamesPanel_class	PanelClass_2 ScreenNamesPanel_class
.data	0015bfc0	ScreensPanel_class	PanelClass_2 ScreensPanel_class
.data	0015c000	ScreenNameListItem_class	ObjectClass ScreenNameListItem_class
.data	0015c020	ScreenTabListItem_class	ObjectClass ScreenTabListItem_class
.data	0015c040	ScreenListItem_class	ObjectClass ScreenListItem_class
.data	0015c060	status_15c060	MeterRateStatus status_15c060
.data	0015c064	Row_uidDigits	wchar_t Row_uidDigits
.data	0015c068	Row_pidDigits	wchar_t Row_pidDigits
.data	0015c070	Platform_Battery_cachePercent	double Platform_Battery_cachePercent
.bss	0015c080	__bss_start	char __bss_start
.bss	0015c0a0	CRT_utf8	_Bool CRT_utf8
.bss	0015c0a8	CRT_degreeSign	char *CRT_degreeSign
.bss	0015c0b0	sym_sensors_cleanup	void (*sym_sensors_cleanup)(void)
.bss	0015c0b8	dlopenHandle	code *dlopenHandle
.bss	0015c0c0	Meters_movingBar	FunctionBar *Meters_movingBar
.bss	0015c0c8	CRT_colorScheme	ColorScheme CRT_colorScheme
.bss	0015c0d0	CRT_delay	wchar_t *CRT_delay
.bss	0015c0d8	reset_on_fork	_Bool reset_on_fork
.bss	0015c0d9	readonly	_Bool readonly
.bss	0015c0e0	CRT_colors	wchar_t *CRT_colors
.bss	0015c0e8	currentLen	wchar_t currentLen
.bss	0015c0f0	cached_utilisation_diff	double cached_utilisation_diff
.bss	0015c0f8	cached_msTimeSpend_total	uint64_t cached_msTimeSpend_total
.bss	0015c100	cached_write_diff_str	char cached_write_diff_str[6]
.bss	0015c108	cached_write_total	uint64_t cached_write_total
.bss	0015c110	cached_read_diff_str	char cached_read_diff_str[6]
.bss	0015c118	cached_read_total	uint64_t cached_read_total
.bss	0015c120	cached_last_update	uint64_t cached_last_update
.bss	0015c128	buffer_0	undefined4 buffer_0
.bss	0015c130	CRT_crashSettings	Settings *CRT_crashSettings
.bss	0015c138	CRT_retainScreenOnExit	_Bool CRT_retainScreenOnExit
.bss	0015c140	old_sig_handler	struct sigaction old_sig_handler[32]
.bss	0015c3a0	old_sig_handler[4].__sigaction_handler	
.bss	0015c4d0	old_sig_handler[6].__sigaction_handler	
.bss	0015c568	old_sig_handler[7].__sigaction_handler	
.bss	0015c600	old_sig_handler[8].__sigaction_handler	
.bss	0015c7c8	old_sig_handler[11].__sigaction_handler	
.bss	0015c8f8	old_sig_handler[13].__sigaction_handler	
.bss	0015d3a8	old_sig_handler[31].__sigaction_handler	
.bss	0015d440	preSelectedPolicy	wchar_t preSelectedPolicy
.bss	0015d460	Row_fieldWidths	uint8_t Row_fieldWidths[132]
.bss	0015d48f	Row_fieldWidths+0x2f	
.bss	0015d495	Row_fieldWidths+0x35	
.bss	0015d4d1	Row_fieldWidths+0x71	
.bss	0015d4db	Row_fieldWidths+0x7b	
.bss	0015d4e1	Row_fieldWidths+0x81	
.bss	0015d4e2	Row_fieldWidths+0x82	
.bss	0015d500	titleBuffer	char titleBuffer[257]
.bss	0015d604	cached_txp_diff	uint32_t cached_txp_diff
.bss	0015d608	cached_txp_total	uint64_t cached_txp_total
.bss	0015d610	cached_txb_diff_str	char cached_txb_diff_str[6]
.bss	0015d618	cached_txb_diff	double cached_txb_diff
.bss	0015d620	cached_txb_total	uint64_t cached_txb_total
.bss	0015d628	cached_rxp_diff	uint32_t cached_rxp_diff
.bss	0015d630	cached_rxp_total	uint64_t cached_rxp_total
.bss	0015d638	cached_rxb_diff_str	char cached_rxb_diff_str[6]
.bss	0015d640	cached_rxb_diff	double cached_rxb_diff
.bss	0015d648	cached_rxb_total	uint64_t cached_rxb_total
.bss	0015d650	cached_last_update_15d650	uint64_t cached_last_update_15d650
.bss	0015d658	LEDMeterMode_digits	char **LEDMeterMode_digits
.bss	0015d660	firstScanDone	_Bool firstScanDone
.bss	0015d680	savedString_0_lto_priv_0	undefined1 savedString_0_lto_priv_0
.bss	0015d681	DAT_0015d681	undefined1 DAT_0015d681
.bss	0015d7d3	loaded_data_1_lto_priv_0	char loaded_data_1_lto_priv_0
.bss	0015d7d8	string	char *string
.bss	0015d7e0	buf	char buf[16]
.bss	0015d7eb	buf+0xb	
.bss	0015d800	Running_containerized	_Bool Running_containerized
.bss	0015d804	smaps_flag_0	uint smaps_flag_0
.bss	0015d808	sym_sd_bus_get_property_trivial	wchar_t (*sym_sd_bus_get_property_trivial)(sd_bus *, char *, char *, char *, char *, sd_bus_error *, char, code *)
.bss	0015d810	sym_sd_bus_get_property_string	wchar_t (*sym_sd_bus_get_property_string)(sd_bus *, char *, char *, char *, char *, sd_bus_error *, char **)
.bss	0015d818	sym_sd_bus_open_user	wchar_t (*sym_sd_bus_open_user)(sd_bus **)
.bss	0015d820	sym_sd_bus_open_system	wchar_t (*sym_sd_bus_open_system)(sd_bus **)
.bss	0015d828	sym_sd_bus_unref	sd_bus *(*sym_sd_bus_unref)(sd_bus *)
.bss	0015d830	dlopenHandle_15d830	code *dlopenHandle_15d830
.bss	0015d840	ctx_system	SystemdMeterContext_t ctx_system
.bss	0015d848	ctx_system.systemState	
.bss	0015d860	ctx_user	SystemdMeterContext_t ctx_user
.bss	0015d868	ctx_user.systemState	
.bss	0015d870	ctx_user.nFailedUnits	
.bss	0015d874	ctx_user.nInstalledJobs	
.bss	0015d878	ctx_user.nNames	
.bss	0015d87c	ctx_user.nJobs	
.bss	0015d880	enabled	_Bool enabled
.bss	0015d884	Platform_Battery_method	anon_enum_32 Platform_Battery_method
.bss	0015d888	Platform_Battery_cacheIsOnAC	ACPresence Platform_Battery_cacheIsOnAC
.bss	0015d890	Platform_Battery_cacheTime	time_t Platform_Battery_cacheTime
.bss	0015d898	timeout_0	int timeout_0
.bss	0015d8a0	sym_sensors_get_value	wchar_t (*sym_sensors_get_value)(struct sensors_chip_name *, wchar_t, double *)
.bss	0015d8a8	sym_sensors_get_subfeature	struct sensors_subfeature *(*sym_sensors_get_subfeature)(struct sensors_chip_name *, struct sensors_feature *, sensors_subfeature_type)
.bss	0015d8b0	sym_sensors_get_features	struct sensors_feature *(*sym_sensors_get_features)(struct sensors_chip_name *, wchar_t *)
.bss	0015d8b8	sym_sensors_get_detected_chips	struct sensors_chip_name *(*sym_sensors_get_detected_chips)(struct sensors_chip_name *, wchar_t *)
.bss	0015d8c0	sym_sensors_init	wchar_t (*sym_sensors_init)(FILE *)
.bss	0015d8e0	HugePageMeter_active_labels	char *HugePageMeter_active_labels[4]
.bss	0015d8e8	HugePageMeter_active_labels[1]	
.bss	0015d8f0	HugePageMeter_active_labels[2]	
.bss	0015d8f8	HugePageMeter_active_labels[3]	
